"File","SourceEncoding","Action","Detail"
".agent\frontend-design\LICENSE.txt","utf-8","already-ascii",""
".agent\frontend-design\SKILL.md","utf-8","already-ascii",""
".agent\mcp-builder\LICENSE.txt","utf-8","already-ascii",""
".agent\mcp-builder\reference\evaluation.md","utf-8","already-ascii",""
".agent\mcp-builder\reference\mcp_best_practices.md","utf-8","already-ascii",""
".agent\mcp-builder\reference\node_mcp_server.md","utf-8","already-ascii",""
".agent\mcp-builder\reference\python_mcp_server.md","utf-8","already-ascii",""
".agent\mcp-builder\scripts\connections.py","utf-8","already-ascii",""
".agent\mcp-builder\scripts\evaluation.py","utf-8","already-ascii",""
".agent\mcp-builder\scripts\example_evaluation.xml","utf-8","already-ascii",""
".agent\mcp-builder\scripts\requirements.txt","utf-8","already-ascii",""
".agent\mcp-builder\SKILL.md","utf-8","already-ascii",""
".agent\skill-creator\agents\analyzer.md","utf-8","already-ascii",""
".agent\skill-creator\agents\comparator.md","utf-8","already-ascii",""
".agent\skill-creator\agents\grader.md","utf-8","already-ascii",""
".agent\skill-creator\assets\eval_review.html","utf-8","already-ascii",""
".agent\skill-creator\eval-viewer\generate_review.py","utf-8","already-ascii",""
".agent\skill-creator\eval-viewer\viewer.html","utf-8","already-ascii",""
".agent\skill-creator\LICENSE.txt","utf-8","already-ascii",""
".agent\skill-creator\references\schemas.md","utf-8","already-ascii",""
".agent\skill-creator\scripts\__init__.py","utf-8","already-ascii",""
".agent\skill-creator\scripts\aggregate_benchmark.py","utf-8","already-ascii",""
".agent\skill-creator\scripts\generate_report.py","utf-8","already-ascii",""
".agent\skill-creator\scripts\improve_description.py","utf-8","already-ascii",""
".agent\skill-creator\scripts\package_skill.py","utf-8","already-ascii",""
".agent\skill-creator\scripts\quick_validate.py","utf-8","already-ascii",""
".agent\skill-creator\scripts\run_eval.py","utf-8","already-ascii",""
".agent\skill-creator\scripts\run_loop.py","utf-8","already-ascii",""
".agent\skill-creator\scripts\utils.py","utf-8","already-ascii",""
".agent\skill-creator\SKILL.md","utf-8","already-ascii",""
".agent\webapp-testing\examples\console_logging.py","utf-8","already-ascii",""
".agent\webapp-testing\examples\element_discovery.py","utf-8","already-ascii",""
".agent\webapp-testing\examples\static_html_automation.py","utf-8","already-ascii",""
".agent\webapp-testing\LICENSE.txt","utf-8","already-ascii",""
".agent\webapp-testing\scripts\with_server.py","utf-8","already-ascii",""
".agent\webapp-testing\SKILL.md","utf-8","already-ascii",""
".agent\web-artifacts-builder\LICENSE.txt","utf-8","already-ascii",""
".agent\web-artifacts-builder\scripts\bundle-artifact.sh","utf-8","already-ascii",""
".agent\web-artifacts-builder\scripts\init-artifact.sh","utf-8","already-ascii",""
".agent\web-artifacts-builder\scripts\shadcn-components.tar.gz","binary","skipped","Binary or unsupported file"
".agent\web-artifacts-builder\SKILL.md","utf-8","already-ascii",""
".gitignore","utf-8","already-ascii",""
".tgitconfig","utf-8","already-ascii",""
"Audit\Bridge.Audit.Controller.pas","utf-8","already-ascii",""
"Audit\Bridge.Audit.Entity.pas","utf-8","already-ascii",""
"Audit\Bridge.Audit.Model.pas","utf-8","already-ascii",""
"Audit\Bridge.Audit.pas","utf-8","already-ascii",""
"boss.json","utf-8","already-ascii",""
"boss-lock.json","utf-8","already-ascii",""
"BridgeFrameWork.dpk","utf-8","already-ascii",""
"BridgeFrameWork.dproj","utf-8","already-ascii",""
"BridgeFrameWork.identcache","binary","skipped","Binary or unsupported file"
"BridgeFrameWork.res","binary","skipped","Binary or unsupported file"
"Classes\Bridge.FastRtti.pas","utf-8","already-ascii",""
"Classes\Bridge.Horse.Pagination.pas","utf-8","already-ascii",""
"Classes\Bridge.Lazy.pas","utf-8","already-ascii",""
"Classes\Bridge.LazyObjectList.pas","utf-8","already-ascii",""
"Classes\Bridge.Neon.Config.pas","utf-8","already-ascii",""
"Classes\Bridge.ResponseProtection.pas","utf-8","already-ascii",""
"Classes\Bridge.RttiHelper.pas","utf-8","already-ascii",""
"Connection\Bridge.Connection.Base.pas","utf-8","already-ascii",""
"Connection\Bridge.Connection.Data.pas","utf-8","already-ascii",""
"Connection\Bridge.Connection.Factory.pas","utf-8","already-ascii",""
"Connection\Bridge.Connection.Firebird.pas","utf-8","already-ascii",""
"Connection\Bridge.Connection.Generator.Base.pas","utf-8","already-ascii",""
"Connection\Bridge.Connection.Generator.Firebird.pas","utf-8","already-ascii",""
"Connection\Bridge.Connection.Generator.Interfaces.pas","utf-8","already-ascii",""
"Connection\Bridge.Connection.Generator.MySQL.pas","utf-8","already-ascii",""
"Connection\Bridge.Connection.Generator.Oracle.pas","utf-8","already-ascii",""
"Connection\Bridge.Connection.Generator.Postgres.pas","utf-8","already-ascii",""
"Connection\Bridge.Connection.Generator.SQLite.pas","utf-8","already-ascii",""
"Connection\Bridge.Connection.Generator.SQLServer.pas","utf-8","already-ascii",""
"Connection\Bridge.Connection.Interfaces.pas","utf-8","already-ascii",""
"Connection\Bridge.Connection.Log.Manager.pas","utf-8","already-ascii",""
"Connection\Bridge.Connection.Log.Provider.pas","utf-8","already-ascii",""
"Connection\Bridge.Connection.MySQL.pas","utf-8","already-ascii",""
"Connection\Bridge.Connection.Oracle.pas","utf-8","already-ascii",""
"Connection\Bridge.Connection.Pool.pas","utf-8","already-ascii",""
"Connection\Bridge.Connection.Postgres.pas","utf-8","already-ascii",""
"Connection\Bridge.Connection.Singleton.pas","utf-8","already-ascii",""
"Connection\Bridge.Connection.SQLite.pas","utf-8","already-ascii",""
"Connection\Bridge.Connection.SQLServer.pas","utf-8","already-ascii",""
"Connection\Bridge.Connection.Types.pas","utf-8","already-ascii",""
"Connection\Bridge.Connection.Utils.pas","utf-8","already-ascii",""
"Connection\Bridge.Driver.Config.pas","utf-8","already-ascii",""
"Controller\Bridge.Async.Controller.pas","utf-8","already-ascii",""
"Controller\Bridge.Base.Controller.pas","utf-8","already-ascii",""
"Controller\Bridge.Controller.Errors.pas","utf-8","already-ascii",""
"Controller\Bridge.Controller.Helper.pas","utf-8","already-ascii",""
"Controller\Bridge.Controller.Interfaces.pas","utf-8","already-ascii",""
"Controller\Bridge.Controller.QueryBuilder.pas","utf-8","already-ascii",""
"Controller\Bridge.Controller.Registry.pas","utf-8","already-ascii",""
"Controller\Bridge.Rest.Controller.pas","utf-8","already-ascii",""
"dcu\BridgeFrameWork.a","binary","skipped","Binary or unsupported file"
"hooks\pre-commit","utf-8","already-ascii",""
"install_hooks.bat","utf-8","already-ascii",""
"MetaData\Bridge.MetaData.Attributes.pas","utf-8","already-ascii",""
"MetaData\Bridge.MetaData.Consts.pas","utf-8","already-ascii",""
"MetaData\Bridge.MetaData.EntityInitializer.pas","utf-8","already-ascii",""
"MetaData\Bridge.MetaData.Manager.pas","utf-8","already-ascii",""
"MetaData\Bridge.MetaData.Mapper.pas","utf-8","already-ascii",""
"MetaData\Bridge.MetaData.ScriptGenerator.pas","utf-8","already-ascii",""
"MetaData\Bridge.MetaData.Types.pas","utf-8","already-ascii",""
"MetaData\Bridge.MetaData.Validation.Helper.pas","utf-8","already-ascii",""
"Model\Bridge.Base.Model.pas","utf-8","already-ascii",""
"Model\Bridge.Model.Errors.pas","utf-8","already-ascii",""
"Model\Bridge.Model.Interfaces.pas","utf-8","already-ascii",""
"modules\delphi-jose-jwt\.gitignore","utf-8","already-ascii",""
"modules\delphi-jose-jwt\boss.json","utf-8","already-ascii",""
"modules\delphi-jose-jwt\boss-lock.json","utf-8","already-ascii",""
"modules\delphi-jose-jwt\License.txt","utf-8","already-ascii",""
"modules\delphi-jose-jwt\Packages\10.1Berlin\JOSE.dpk","utf-8","already-ascii",""
"modules\delphi-jose-jwt\Packages\10.1Berlin\JOSE.dproj","utf-8","already-ascii",""
"modules\delphi-jose-jwt\Packages\10.2Tokyo\JOSE.dpk","utf-8","already-ascii",""
"modules\delphi-jose-jwt\Packages\10.2Tokyo\JOSE.dproj","utf-8","already-ascii",""
"modules\delphi-jose-jwt\Packages\10.3Rio\JOSE.dpk","utf-8","already-ascii",""
"modules\delphi-jose-jwt\Packages\10.3Rio\JOSE.dproj","utf-8","already-ascii",""
"modules\delphi-jose-jwt\Packages\10.4Sydney\JOSE.dpk","utf-8","already-ascii",""
"modules\delphi-jose-jwt\Packages\10.4Sydney\JOSE.dproj","utf-8","already-ascii",""
"modules\delphi-jose-jwt\Packages\11.0Alexandria\JOSE.dpk","utf-8","already-ascii",""
"modules\delphi-jose-jwt\Packages\11.0Alexandria\JOSE.dproj","utf-8","already-ascii",""
"modules\delphi-jose-jwt\Packages\12.0Athens\JOSE.dpk","utf-8","already-ascii",""
"modules\delphi-jose-jwt\Packages\12.0Athens\JOSE.dproj","utf-8","already-ascii",""
"modules\delphi-jose-jwt\README.md","utf-8","already-ascii",""
"modules\delphi-jose-jwt\Samples\Basic\JWTDemo.dpr","utf-8","already-ascii",""
"modules\delphi-jose-jwt\Samples\Basic\JWTDemo.dproj","utf-8","already-ascii",""
"modules\delphi-jose-jwt\Samples\Basic\JWTDemo.Form.Claims.dfm","utf-8","already-ascii",""
"modules\delphi-jose-jwt\Samples\Basic\JWTDemo.Form.Claims.pas","utf-8","already-ascii",""
"modules\delphi-jose-jwt\Samples\Basic\JWTDemo.Form.Consumer.dfm","utf-8","already-ascii",""
"modules\delphi-jose-jwt\Samples\Basic\JWTDemo.Form.Consumer.pas","utf-8","already-ascii",""
"modules\delphi-jose-jwt\Samples\Basic\JWTDemo.Form.Debugger.dfm","utf-8","already-ascii",""
"modules\delphi-jose-jwt\Samples\Basic\JWTDemo.Form.Debugger.pas","utf-8","already-ascii",""
"modules\delphi-jose-jwt\Samples\Basic\JWTDemo.Form.Main.dfm","utf-8","already-ascii",""
"modules\delphi-jose-jwt\Samples\Basic\JWTDemo.Form.Main.pas","utf-8","already-ascii",""
"modules\delphi-jose-jwt\Samples\Basic\JWTDemo.Form.Misc.dfm","utf-8","already-ascii",""
"modules\delphi-jose-jwt\Samples\Basic\JWTDemo.Form.Misc.pas","utf-8","already-ascii",""
"modules\delphi-jose-jwt\Samples\Basic\JWTDemo.Form.OpenSSL.dfm","utf-8","already-ascii",""
"modules\delphi-jose-jwt\Samples\Basic\JWTDemo.Form.OpenSSL.pas","utf-8","already-ascii",""
"modules\delphi-jose-jwt\Samples\Basic\JWTDemo.Form.Simple.dfm","utf-8","already-ascii",""
"modules\delphi-jose-jwt\Samples\Basic\JWTDemo.Form.Simple.pas","utf-8","already-ascii",""
"modules\delphi-jose-jwt\Samples\Console\JWTConsole.Classes.pas","utf-8","already-ascii",""
"modules\delphi-jose-jwt\Samples\Console\JWTConsole.deployproj","utf-8","already-ascii",""
"modules\delphi-jose-jwt\Samples\Console\JWTConsole.dpr","utf-8","already-ascii",""
"modules\delphi-jose-jwt\Samples\Console\JWTConsole.dproj","utf-8","already-ascii",""
"modules\delphi-jose-jwt\Samples\CryptoTest\Crypto.Form.ECDSA.dfm","utf-8","already-ascii",""
"modules\delphi-jose-jwt\Samples\CryptoTest\Crypto.Form.ECDSA.pas","utf-8","already-ascii",""
"modules\delphi-jose-jwt\Samples\CryptoTest\Crypto.Form.Main.dfm","utf-8","already-ascii",""
"modules\delphi-jose-jwt\Samples\CryptoTest\Crypto.Form.Main.pas","utf-8","already-ascii",""
"modules\delphi-jose-jwt\Samples\CryptoTest\Crypto.Form.RSA.dfm","utf-8","already-ascii",""
"modules\delphi-jose-jwt\Samples\CryptoTest\Crypto.Form.RSA.pas","utf-8","already-ascii",""
"modules\delphi-jose-jwt\Samples\CryptoTest\Crypto.Form.SSL.dfm","utf-8","already-ascii",""
"modules\delphi-jose-jwt\Samples\CryptoTest\Crypto.Form.SSL.pas","utf-8","already-ascii",""
"modules\delphi-jose-jwt\Samples\CryptoTest\Crypto.Utils.pas","utf-8","already-ascii",""
"modules\delphi-jose-jwt\Samples\CryptoTest\CryptoTest.dpr","utf-8","already-ascii",""
"modules\delphi-jose-jwt\Samples\CryptoTest\CryptoTest.dproj","utf-8","already-ascii",""
"modules\delphi-jose-jwt\Samples\CustomClaims\CustomClaims.dpr","utf-8","already-ascii",""
"modules\delphi-jose-jwt\Samples\CustomClaims\CustomClaims.dproj","utf-8","already-ascii",""
"modules\delphi-jose-jwt\Samples\CustomClaims\Demo.Form.Main.dfm","utf-8","already-ascii",""
"modules\delphi-jose-jwt\Samples\CustomClaims\Demo.Form.Main.pas","utf-8","already-ascii",""
"modules\delphi-jose-jwt\Samples\Exe\README.md","utf-8","already-ascii",""
"modules\delphi-jose-jwt\Samples\Keys\cert\es256k-x509.pem","utf-8","already-ascii",""
"modules\delphi-jose-jwt\Samples\Keys\cert\es256-x509.pem","utf-8","already-ascii",""
"modules\delphi-jose-jwt\Samples\Keys\cert\es384-x509.pem","utf-8","already-ascii",""
"modules\delphi-jose-jwt\Samples\Keys\cert\es512-x509.pem","utf-8","already-ascii",""
"modules\delphi-jose-jwt\Samples\Keys\cert\rsa-x509.pem","utf-8","already-ascii",""
"modules\delphi-jose-jwt\Samples\Keys\commands.sh","utf-8","already-ascii",""
"modules\delphi-jose-jwt\Samples\Keys\es256k-private.pem","utf-8","already-ascii",""
"modules\delphi-jose-jwt\Samples\Keys\es256k-public.pem","utf-8","already-ascii",""
"modules\delphi-jose-jwt\Samples\Keys\es256-private.pem","utf-8","already-ascii",""
"modules\delphi-jose-jwt\Samples\Keys\es256-public.pem","utf-8","already-ascii",""
"modules\delphi-jose-jwt\Samples\Keys\es384-private.pem","utf-8","already-ascii",""
"modules\delphi-jose-jwt\Samples\Keys\es384-public.pem","utf-8","already-ascii",""
"modules\delphi-jose-jwt\Samples\Keys\es512-private.pem","utf-8","already-ascii",""
"modules\delphi-jose-jwt\Samples\Keys\es512-public.pem","utf-8","already-ascii",""
"modules\delphi-jose-jwt\Samples\Keys\hs256.key","utf-8","already-ascii",""
"modules\delphi-jose-jwt\Samples\Keys\hs384.key","utf-8","already-ascii",""
"modules\delphi-jose-jwt\Samples\Keys\hs512.key","utf-8","already-ascii",""
"modules\delphi-jose-jwt\Samples\Keys\README.md","utf-8","already-ascii",""
"modules\delphi-jose-jwt\Samples\Keys\rsa-private.pem","utf-8","already-ascii",""
"modules\delphi-jose-jwt\Samples\Keys\rsa-public.pem","utf-8","already-ascii",""
"modules\delphi-jose-jwt\Source\Common\JOSE.Encoding.Base64.pas","utf-8","already-ascii",""
"modules\delphi-jose-jwt\Source\Common\JOSE.Hashing.HMAC.pas","utf-8","already-ascii",""
"modules\delphi-jose-jwt\Source\Common\JOSE.OpenSSL.Headers.pas","utf-8","already-ascii",""
"modules\delphi-jose-jwt\Source\Common\JOSE.Signing.Base.pas","utf-8","already-ascii",""
"modules\delphi-jose-jwt\Source\Common\JOSE.Signing.ECDSA.pas","utf-8","already-ascii",""
"modules\delphi-jose-jwt\Source\Common\JOSE.Signing.RSA.pas","utf-8","already-ascii",""
"modules\delphi-jose-jwt\Source\Common\JOSE.Types.Arrays.pas","utf-8","already-ascii",""
"modules\delphi-jose-jwt\Source\Common\JOSE.Types.Bytes.pas","utf-8","already-ascii",""
"modules\delphi-jose-jwt\Source\Common\JOSE.Types.JSON.pas","utf-8","already-ascii",""
"modules\delphi-jose-jwt\Source\Common\JOSE.Types.Utils.pas","utf-8","already-ascii",""
"modules\delphi-jose-jwt\Source\JOSE.inc","utf-8","already-ascii",""
"modules\delphi-jose-jwt\Source\JOSE\JOSE.Builder.pas","utf-8","already-ascii",""
"modules\delphi-jose-jwt\Source\JOSE\JOSE.Consumer.pas","utf-8","already-ascii",""
"modules\delphi-jose-jwt\Source\JOSE\JOSE.Consumer.Validators.pas","utf-8","already-ascii",""
"modules\delphi-jose-jwt\Source\JOSE\JOSE.Context.pas","utf-8","already-ascii",""
"modules\delphi-jose-jwt\Source\JOSE\JOSE.Core.Base.pas","utf-8","already-ascii",""
"modules\delphi-jose-jwt\Source\JOSE\JOSE.Core.Builder.pas","utf-8","already-ascii",""
"modules\delphi-jose-jwt\Source\JOSE\JOSE.Core.JWA.Compression.pas","utf-8","already-ascii",""
"modules\delphi-jose-jwt\Source\JOSE\JOSE.Core.JWA.Encryption.pas","utf-8","already-ascii",""
"modules\delphi-jose-jwt\Source\JOSE\JOSE.Core.JWA.Factory.pas","utf-8","already-ascii",""
"modules\delphi-jose-jwt\Source\JOSE\JOSE.Core.JWA.pas","utf-8","already-ascii",""
"modules\delphi-jose-jwt\Source\JOSE\JOSE.Core.JWA.Signing.pas","utf-8","already-ascii",""
"modules\delphi-jose-jwt\Source\JOSE\JOSE.Core.JWE.pas","utf-8","already-ascii",""
"modules\delphi-jose-jwt\Source\JOSE\JOSE.Core.JWK.pas","utf-8","already-ascii",""
"modules\delphi-jose-jwt\Source\JOSE\JOSE.Core.JWS.pas","utf-8","already-ascii",""
"modules\delphi-jose-jwt\Source\JOSE\JOSE.Core.JWT.pas","utf-8","already-ascii",""
"modules\delphi-jose-jwt\Source\JOSE\JOSE.Core.Parts.pas","utf-8","already-ascii",""
"modules\delphi-jose-jwt\Source\JOSE\JOSE.Producer.pas","utf-8","already-ascii",""
"modules\delphi-jose-jwt\Tests\Data\README.md","utf-8","already-ascii",""
"modules\delphi-jose-jwt\Tests\Exe\README.md","utf-8","already-ascii",""
"modules\delphi-jose-jwt\Tests\JOSE.Tests.dpr","utf-8","already-ascii",""
"modules\delphi-jose-jwt\Tests\JOSE.Tests.dproj","utf-8","already-ascii",""
"modules\delphi-jose-jwt\Tests\Keys\cert\es256k-x509.pem","utf-8","already-ascii",""
"modules\delphi-jose-jwt\Tests\Keys\cert\es256-x509.pem","utf-8","already-ascii",""
"modules\delphi-jose-jwt\Tests\Keys\cert\es384-x509.pem","utf-8","already-ascii",""
"modules\delphi-jose-jwt\Tests\Keys\cert\es512-x509.pem","utf-8","already-ascii",""
"modules\delphi-jose-jwt\Tests\Keys\cert\rsa-x509.pem","utf-8","already-ascii",""
"modules\delphi-jose-jwt\Tests\Keys\commands.sh","utf-8","already-ascii",""
"modules\delphi-jose-jwt\Tests\Keys\es256k-private.pem","utf-8","already-ascii",""
"modules\delphi-jose-jwt\Tests\Keys\es256k-public.pem","utf-8","already-ascii",""
"modules\delphi-jose-jwt\Tests\Keys\es256-private.pem","utf-8","already-ascii",""
"modules\delphi-jose-jwt\Tests\Keys\es256-public.pem","utf-8","already-ascii",""
"modules\delphi-jose-jwt\Tests\Keys\es384-private.pem","utf-8","already-ascii",""
"modules\delphi-jose-jwt\Tests\Keys\es384-public.pem","utf-8","already-ascii",""
"modules\delphi-jose-jwt\Tests\Keys\es512-private.pem","utf-8","already-ascii",""
"modules\delphi-jose-jwt\Tests\Keys\es512-public.pem","utf-8","already-ascii",""
"modules\delphi-jose-jwt\Tests\Keys\hs256.key","utf-8","already-ascii",""
"modules\delphi-jose-jwt\Tests\Keys\hs384.key","utf-8","already-ascii",""
"modules\delphi-jose-jwt\Tests\Keys\hs512.key","utf-8","already-ascii",""
"modules\delphi-jose-jwt\Tests\Keys\README.md","utf-8","already-ascii",""
"modules\delphi-jose-jwt\Tests\Keys\rsa-private.pem","utf-8","already-ascii",""
"modules\delphi-jose-jwt\Tests\Keys\rsa-public.pem","utf-8","already-ascii",""
"modules\delphi-jose-jwt\Tests\Source\JOSE.Tests.Builder.pas","utf-8","already-ascii",""
"modules\delphi-jose-jwt\Tests\Source\JOSE.Tests.Classes.pas","utf-8","already-ascii",""
"modules\delphi-jose-jwt\Tests\Source\JOSE.Tests.Common.pas","utf-8","already-ascii",""
"modules\delphi-jose-jwt\Tests\Source\JOSE.Tests.Consumer.pas","utf-8","already-ascii",""
"modules\delphi-jose-jwt\Tests\Source\JOSE.Tests.JWA.ECDSA.pas","utf-8","already-ascii",""
"modules\delphi-jose-jwt\Tests\Source\JOSE.Tests.JWA.HMAC.pas","utf-8","already-ascii",""
"modules\delphi-jose-jwt\Tests\Source\JOSE.Tests.JWA.RSA.pas","utf-8","already-ascii",""
"modules\delphi-jose-jwt\Tests\Source\JOSE.Tests.JWK.pas","utf-8","already-ascii",""
"modules\delphi-jose-jwt\Tests\Source\JOSE.Tests.JWS.pas","utf-8","already-ascii",""
"modules\delphi-jose-jwt\Tests\Source\JOSE.Tests.JWT.pas","utf-8","already-ascii",""
"modules\delphi-jose-jwt\Tests\Source\JOSE.Tests.Utils.pas","utf-8","already-ascii",""
"modules\delphi-neon\.gitattributes","utf-8","already-ascii",""
"modules\delphi-neon\.gitignore","utf-8","already-ascii",""
"modules\delphi-neon\boss.json","utf-8","already-ascii",""
"modules\delphi-neon\boss-lock.json","utf-8","already-ascii",""
"modules\delphi-neon\Demos\Data\Benchmarks\benchmark-complex.rtf","binary","skipped","Binary or unsupported file"
"modules\delphi-neon\Demos\Data\Benchmarks\benchmark-simple.rtf","binary","skipped","Binary or unsupported file"
"modules\delphi-neon\Demos\Data\Benchmarks\customers-1k.json","utf-8","already-ascii",""
"modules\delphi-neon\Demos\Data\Benchmarks\customers-2k.json","utf-8","already-ascii",""
"modules\delphi-neon\Demos\Data\Benchmarks\customers-3k.json","utf-8","already-ascii",""
"modules\delphi-neon\Demos\Data\Benchmarks\customers-4k.json","utf-8","already-ascii",""
"modules\delphi-neon\Demos\Data\Benchmarks\customers-5k.json","utf-8","already-ascii",""
"modules\delphi-neon\Demos\Data\Benchmarks\users-10k.json","utf-8","already-ascii",""
"modules\delphi-neon\Demos\Data\Benchmarks\users-20k.json","utf-8","already-ascii",""
"modules\delphi-neon\Demos\Data\Benchmarks\users-30k.json","utf-8","already-ascii",""
"modules\delphi-neon\Demos\Data\Benchmarks\users-40k.json","utf-8","already-ascii",""
"modules\delphi-neon\Demos\Data\Benchmarks\users-50k.json","utf-8","already-ascii",""
"modules\delphi-neon\Demos\Data\neon-logo-600.bmp","binary","skipped","Binary or unsupported file"
"modules\delphi-neon\Demos\Data\neon-logo-600.png","binary","skipped","Binary or unsupported file"
"modules\delphi-neon\Demos\Data\persons.json","utf-8","already-ascii",""
"modules\delphi-neon\Demos\Source\Benchmarks\Benchmarks.dpr","utf-8","already-ascii",""
"modules\delphi-neon\Demos\Source\Benchmarks\Benchmarks.dproj","utf-8","already-ascii",""
"modules\delphi-neon\Demos\Source\Benchmarks\Benchmarks.Entities.pas","utf-8","already-ascii",""
"modules\delphi-neon\Demos\Source\Benchmarks\Benchmarks.Form.Main.dfm","utf-8","already-ascii",""
"modules\delphi-neon\Demos\Source\Benchmarks\Benchmarks.Form.Main.pas","utf-8","already-ascii",""
"modules\delphi-neon\Demos\Source\Benchmarks\Benchmarks.Form.Source.dfm","utf-8","already-ascii",""
"modules\delphi-neon\Demos\Source\Benchmarks\Benchmarks.Form.Source.pas","utf-8","already-ascii",""
"modules\delphi-neon\Demos\Source\Benchmarks\Benchmarks.res","binary","skipped","Binary or unsupported file"
"modules\delphi-neon\Demos\Source\MainDemo\Demo.Forms.Details.dfm","utf-8","already-ascii",""
"modules\delphi-neon\Demos\Source\MainDemo\Demo.Forms.Details.pas","utf-8","already-ascii",""
"modules\delphi-neon\Demos\Source\MainDemo\Demo.Forms.Main.dfm","utf-8","already-ascii",""
"modules\delphi-neon\Demos\Source\MainDemo\Demo.Forms.Main.pas","utf-8","already-ascii",""
"modules\delphi-neon\Demos\Source\MainDemo\Demo.Forms.Serialization.Base.dfm","utf-8","already-ascii",""
"modules\delphi-neon\Demos\Source\MainDemo\Demo.Forms.Serialization.Base.pas","utf-8","already-ascii",""
"modules\delphi-neon\Demos\Source\MainDemo\Demo.Forms.Serialization.Complex.dfm","utf-8","already-ascii",""
"modules\delphi-neon\Demos\Source\MainDemo\Demo.Forms.Serialization.Complex.pas","utf-8","already-ascii",""
"modules\delphi-neon\Demos\Source\MainDemo\Demo.Forms.Serialization.Custom.dfm","utf-8","already-ascii",""
"modules\delphi-neon\Demos\Source\MainDemo\Demo.Forms.Serialization.Custom.pas","utf-8","already-ascii",""
"modules\delphi-neon\Demos\Source\MainDemo\Demo.Forms.Serialization.Delphi.dfm","utf-8","already-ascii",""
"modules\delphi-neon\Demos\Source\MainDemo\Demo.Forms.Serialization.Delphi.pas","utf-8","already-ascii",""
"modules\delphi-neon\Demos\Source\MainDemo\Demo.Forms.Serialization.Records.dfm","utf-8","already-ascii",""
"modules\delphi-neon\Demos\Source\MainDemo\Demo.Forms.Serialization.Records.pas","utf-8","already-ascii",""
"modules\delphi-neon\Demos\Source\MainDemo\Demo.Forms.Serialization.Schema.dfm","utf-8","already-ascii",""
"modules\delphi-neon\Demos\Source\MainDemo\Demo.Forms.Serialization.Schema.pas","utf-8","already-ascii",""
"modules\delphi-neon\Demos\Source\MainDemo\Demo.Forms.Serialization.Simple.dfm","utf-8","already-ascii",""
"modules\delphi-neon\Demos\Source\MainDemo\Demo.Forms.Serialization.Simple.pas","utf-8","already-ascii",""
"modules\delphi-neon\Demos\Source\MainDemo\Demo.Frame.Configuration.dfm","utf-8","already-ascii",""
"modules\delphi-neon\Demos\Source\MainDemo\Demo.Frame.Configuration.pas","utf-8","already-ascii",""
"modules\delphi-neon\Demos\Source\MainDemo\Demo.Neon.Entities.pas","utf-8","already-ascii",""
"modules\delphi-neon\Demos\Source\MainDemo\Demo.Neon.Serializers.pas","utf-8","already-ascii",""
"modules\delphi-neon\Demos\Source\MainDemo\NeonMainDemo.dpr","utf-8","already-ascii",""
"modules\delphi-neon\Demos\Source\MainDemo\NeonMainDemo.dproj","utf-8","already-ascii",""
"modules\delphi-neon\Demos\Source\MainDemo\NeonMainDemo.res","binary","skipped","Binary or unsupported file"
"modules\delphi-neon\LICENSE","utf-8","already-ascii",""
"modules\delphi-neon\Packages\10.1Berlin\Neon.dpk","utf-8","already-ascii",""
"modules\delphi-neon\Packages\10.1Berlin\Neon.dproj","utf-8","already-ascii",""
"modules\delphi-neon\Packages\10.1Berlin\Neon.res","binary","skipped","Binary or unsupported file"
"modules\delphi-neon\Packages\10.2Tokyo\Neon.dpk","utf-8","already-ascii",""
"modules\delphi-neon\Packages\10.2Tokyo\Neon.dproj","utf-8","already-ascii",""
"modules\delphi-neon\Packages\10.2Tokyo\Neon.res","binary","skipped","Binary or unsupported file"
"modules\delphi-neon\Packages\10.3Rio\Neon.dpk","utf-8","already-ascii",""
"modules\delphi-neon\Packages\10.3Rio\Neon.dproj","utf-8","already-ascii",""
"modules\delphi-neon\Packages\10.3Rio\Neon.res","binary","skipped","Binary or unsupported file"
"modules\delphi-neon\Packages\10.4Sydney\AndroidManifest.template.xml","utf-8","already-ascii",""
"modules\delphi-neon\Packages\10.4Sydney\Neon.dpk","utf-8","already-ascii",""
"modules\delphi-neon\Packages\10.4Sydney\Neon.dproj","utf-8","already-ascii",""
"modules\delphi-neon\Packages\10.4Sydney\Neon.res","binary","skipped","Binary or unsupported file"
"modules\delphi-neon\Packages\10.4Sydney\NeonCrossPlatform.dpk","utf-8","already-ascii",""
"modules\delphi-neon\Packages\10.4Sydney\NeonCrossPlatform.dproj","utf-8","already-ascii",""
"modules\delphi-neon\Packages\10.4Sydney\NeonCrossPlatform.res","binary","skipped","Binary or unsupported file"
"modules\delphi-neon\Packages\11AndLater\AndroidManifest.template.xml","utf-8","already-ascii",""
"modules\delphi-neon\Packages\11AndLater\Neon.dpk","utf-8","already-ascii",""
"modules\delphi-neon\Packages\11AndLater\Neon.dproj","utf-8","already-ascii",""
"modules\delphi-neon\Packages\11AndLater\NeonCrossPlatform.dpk","utf-8","already-ascii",""
"modules\delphi-neon\Packages\11AndLater\NeonCrossPlatform.dproj","utf-8","already-ascii",""
"modules\delphi-neon\README.md","utf-8","already-ascii",""
"modules\delphi-neon\Source\Neon.Core.Attributes.pas","utf-8","already-ascii",""
"modules\delphi-neon\Source\Neon.Core.DynamicTypes.pas","utf-8","already-ascii",""
"modules\delphi-neon\Source\Neon.Core.Nullables.pas","utf-8","already-ascii",""
"modules\delphi-neon\Source\Neon.Core.Persistence.JSON.pas","utf-8","already-ascii",""
"modules\delphi-neon\Source\Neon.Core.Persistence.JSON.Schema.pas","utf-8","already-ascii",""
"modules\delphi-neon\Source\Neon.Core.Persistence.pas","utf-8","already-ascii",""
"modules\delphi-neon\Source\Neon.Core.Serializers.DB.pas","utf-8","already-ascii",""
"modules\delphi-neon\Source\Neon.Core.Serializers.Nullables.pas","utf-8","already-ascii",""
"modules\delphi-neon\Source\Neon.Core.Serializers.RTL.pas","utf-8","already-ascii",""
"modules\delphi-neon\Source\Neon.Core.Serializers.VCL.pas","utf-8","already-ascii",""
"modules\delphi-neon\Source\Neon.Core.Tags.pas","utf-8","already-ascii",""
"modules\delphi-neon\Source\Neon.Core.TypeInfo.pas","utf-8","already-ascii",""
"modules\delphi-neon\Source\Neon.Core.Types.pas","utf-8","already-ascii",""
"modules\delphi-neon\Source\Neon.Core.Utils.pas","utf-8","already-ascii",""
"modules\delphi-neon\Source\Neon.inc","utf-8","already-ascii",""
"modules\delphi-neon\Tests\Data\TDataTests.Persons.json","utf-8","already-ascii",""
"modules\delphi-neon\Tests\Data\TTestAutoCreate.NoObject.json","utf-8","already-ascii",""
"modules\delphi-neon\Tests\Data\TTestAutoCreate.SubObject.json","utf-8","already-ascii",""
"modules\delphi-neon\Tests\Data\TTestConfigMemberCase.TestCamelCase.json","utf-8","already-ascii",""
"modules\delphi-neon\Tests\Data\TTestConfigMemberCase.TestKebabCase.json","utf-8","already-ascii",""
"modules\delphi-neon\Tests\Data\TTestConfigMemberCase.TestLowerCase.json","utf-8","already-ascii",""
"modules\delphi-neon\Tests\Data\TTestConfigMemberCase.TestPascalCase.json","utf-8","already-ascii",""
"modules\delphi-neon\Tests\Data\TTestConfigMemberCase.TestScreamingSnakeCase.json","utf-8","already-ascii",""
"modules\delphi-neon\Tests\Data\TTestConfigMemberCase.TestSnakeCase.json","utf-8","already-ascii",""
"modules\delphi-neon\Tests\Data\TTestConfigMemberCase.TestUpperCase.json","utf-8","already-ascii",""
"modules\delphi-neon\Tests\Data\TTestReferenceTypes.TestPersonAnsi.json","utf-8","already-ascii",""
"modules\delphi-neon\Tests\Data\TTestReferenceTypes.TestPersonPretty.json","utf-8","already-ascii",""
"modules\delphi-neon\Tests\Data\TTestReferenceTypes.TestPersonUnicode.json","utf-8","already-ascii",""
"modules\delphi-neon\Tests\Neon.Tests.Framework.dpr","utf-8","already-ascii",""
"modules\delphi-neon\Tests\Neon.Tests.Framework.dproj","utf-8","already-ascii",""
"modules\delphi-neon\Tests\Neon.Tests.Framework.res","binary","skipped","Binary or unsupported file"
"modules\delphi-neon\Tests\Source\Neon.Data.Tests.dfm","utf-8","already-ascii",""
"modules\delphi-neon\Tests\Source\Neon.Data.Tests.pas","utf-8","already-ascii",""
"modules\delphi-neon\Tests\Source\Neon.Serializers.Tests.pas","utf-8","already-ascii",""
"modules\delphi-neon\Tests\Source\Neon.Tests.Attributes.Factory.pas","utf-8","already-ascii",""
"modules\delphi-neon\Tests\Source\Neon.Tests.Attributes.pas","utf-8","already-ascii",""
"modules\delphi-neon\Tests\Source\Neon.Tests.Config.AutoCreate.pas","utf-8","already-ascii",""
"modules\delphi-neon\Tests\Source\Neon.Tests.Config.EnumAsInt.pas","utf-8","already-ascii",""
"modules\delphi-neon\Tests\Source\Neon.Tests.Config.IgnoreMembers.pas","utf-8","already-ascii",""
"modules\delphi-neon\Tests\Source\Neon.Tests.Config.MemberCase.pas","utf-8","already-ascii",""
"modules\delphi-neon\Tests\Source\Neon.Tests.ConfigTypes.pas","utf-8","already-ascii",""
"modules\delphi-neon\Tests\Source\Neon.Tests.CustomSerializers.pas","utf-8","already-ascii",""
"modules\delphi-neon\Tests\Source\Neon.Tests.Entities.pas","utf-8","already-ascii",""
"modules\delphi-neon\Tests\Source\Neon.Tests.Items.pas","utf-8","already-ascii",""
"modules\delphi-neon\Tests\Source\Neon.Tests.Serializer.pas","utf-8","already-ascii",""
"modules\delphi-neon\Tests\Source\Neon.Tests.Types.Arrays.pas","utf-8","already-ascii",""
"modules\delphi-neon\Tests\Source\Neon.Tests.Types.Bytes.pas","utf-8","already-ascii",""
"modules\delphi-neon\Tests\Source\Neon.Tests.Types.Enums.pas","utf-8","already-ascii",""
"modules\delphi-neon\Tests\Source\Neon.Tests.Types.Records.pas","utf-8","already-ascii",""
"modules\delphi-neon\Tests\Source\Neon.Tests.Types.Reference.pas","utf-8","already-ascii",""
"modules\delphi-neon\Tests\Source\Neon.Tests.Types.Simple.pas","utf-8","already-ascii",""
"modules\delphi-neon\Tests\Source\Neon.Tests.Types.Strings.pas","utf-8","already-ascii",""
"modules\delphi-neon\Tests\Source\Neon.Tests.Utils.pas","utf-8","already-ascii",""
"modules\hashlib4pascal\.github\FUNDING.yml","utf-8","already-ascii",""
"modules\hashlib4pascal\.github\ISSUE_TEMPLATE\bug_report.md","utf-8","already-ascii",""
"modules\hashlib4pascal\.github\ISSUE_TEMPLATE\feature_request.md","utf-8","already-ascii",""
"modules\hashlib4pascal\.gitignore","utf-8","already-ascii",""
"modules\hashlib4pascal\.travis.install.py","utf-8","already-ascii",""
"modules\hashlib4pascal\.travis.yml","utf-8","already-ascii",""
"modules\hashlib4pascal\HashLib.Benchmark\project\Delphi\PerformanceBenchmarkConsole.dpr","utf-8","already-ascii",""
"modules\hashlib4pascal\HashLib.Benchmark\project\Delphi\PerformanceBenchmarkFMX.dpr","utf-8","already-ascii",""
"modules\hashlib4pascal\HashLib.Benchmark\project\Lazarus\PerformanceBenchmarkConsole.lpi","utf-8","already-ascii",""
"modules\hashlib4pascal\HashLib.Benchmark\project\Lazarus\PerformanceBenchmarkConsole.lpr","utf-8","already-ascii",""
"modules\hashlib4pascal\HashLib.Benchmark\src\Core\uPerformanceBenchmark.pas","utf-8","already-ascii",""
"modules\hashlib4pascal\HashLib.Benchmark\src\Forms\FMX\fmxMainForm.fmx","utf-8","already-ascii",""
"modules\hashlib4pascal\HashLib.Benchmark\src\Forms\FMX\fmxMainForm.pas","utf-8","already-ascii",""
"modules\hashlib4pascal\HashLib.Tests\Delphi.Tests\HashLib.Tests.dpr","utf-8","already-ascii",""
"modules\hashlib4pascal\HashLib.Tests\Delphi.Tests\HashLib.Tests.TestInsight.dpr","utf-8","already-ascii",""
"modules\hashlib4pascal\HashLib.Tests\FreePascal.Tests\HashLib.lpr","utf-8","already-ascii",""
"modules\hashlib4pascal\HashLib.Tests\FreePascal.Tests\HashLib.Tests.lpi","utf-8","already-ascii",""
"modules\hashlib4pascal\HashLib.Tests\FreePascal.Tests\HashLibConsole.lpr","utf-8","already-ascii",""
"modules\hashlib4pascal\HashLib.Tests\FreePascal.Tests\HashLibConsole.Tests.lpi","utf-8","already-ascii",""
"modules\hashlib4pascal\HashLib.Tests\src\BitConverterTests.pas","utf-8","already-ascii",""
"modules\hashlib4pascal\HashLib.Tests\src\ChecksumTests.pas","utf-8","already-ascii",""
"modules\hashlib4pascal\HashLib.Tests\src\CRCTests.pas","utf-8","already-ascii",""
"modules\hashlib4pascal\HashLib.Tests\src\CryptoTests.pas","utf-8","already-ascii",""
"modules\hashlib4pascal\HashLib.Tests\src\Hash128Tests.pas","utf-8","already-ascii",""
"modules\hashlib4pascal\HashLib.Tests\src\Hash32Tests.pas","utf-8","already-ascii",""
"modules\hashlib4pascal\HashLib.Tests\src\Hash64Tests.pas","utf-8","already-ascii",""
"modules\hashlib4pascal\HashLib.Tests\src\HashLibTestBase.pas","utf-8","already-ascii",""
"modules\hashlib4pascal\HashLib.Tests\src\NullDigestTests.pas","utf-8","already-ascii",""
"modules\hashlib4pascal\HashLib.Tests\src\PBKDF_Argon2Tests.pas","utf-8","already-ascii",""
"modules\hashlib4pascal\HashLib.Tests\src\PBKDF_ScryptTests.pas","utf-8","already-ascii",""
"modules\hashlib4pascal\HashLib.Tests\src\PBKDF2_HMACTests.pas","utf-8","already-ascii",""
"modules\hashlib4pascal\HashLib.Tests\src\TestVectors.pas","utf-8","already-ascii",""
"modules\hashlib4pascal\HashLib\src\Base\HlpHash.pas","utf-8","already-ascii",""
"modules\hashlib4pascal\HashLib\src\Base\HlpHashBuffer.pas","utf-8","already-ascii",""
"modules\hashlib4pascal\HashLib\src\Base\HlpHashCryptoNotBuildIn.pas","utf-8","already-ascii",""
"modules\hashlib4pascal\HashLib\src\Base\HlpHashFactory.pas","utf-8","already-ascii",""
"modules\hashlib4pascal\HashLib\src\Base\HlpHashResult.pas","utf-8","already-ascii",""
"modules\hashlib4pascal\HashLib\src\Base\HlpHashRounds.pas","utf-8","already-ascii",""
"modules\hashlib4pascal\HashLib\src\Base\HlpHashSize.pas","utf-8","already-ascii",""
"modules\hashlib4pascal\HashLib\src\Base\HlpHMACNotBuildInAdapter.pas","utf-8","already-ascii",""
"modules\hashlib4pascal\HashLib\src\Base\HlpKDF.pas","utf-8","already-ascii",""
"modules\hashlib4pascal\HashLib\src\Base\HlpMultipleTransformNonBlock.pas","utf-8","already-ascii",""
"modules\hashlib4pascal\HashLib\src\Checksum\HlpAdler32.pas","utf-8","already-ascii",""
"modules\hashlib4pascal\HashLib\src\Checksum\HlpCRC.pas","utf-8","already-ascii",""
"modules\hashlib4pascal\HashLib\src\Checksum\HlpCRC16.pas","utf-8","already-ascii",""
"modules\hashlib4pascal\HashLib\src\Checksum\HlpCRC32.pas","utf-8","already-ascii",""
"modules\hashlib4pascal\HashLib\src\Checksum\HlpCRC32Fast.pas","utf-8","already-ascii",""
"modules\hashlib4pascal\HashLib\src\Checksum\HlpCRC64.pas","utf-8","already-ascii",""
"modules\hashlib4pascal\HashLib\src\Crypto\Blake2BParams\HlpBlake2BParams.pas","utf-8","already-ascii",""
"modules\hashlib4pascal\HashLib\src\Crypto\Blake2SParams\HlpBlake2SParams.pas","utf-8","already-ascii",""
"modules\hashlib4pascal\HashLib\src\Crypto\HlpBlake2B.pas","utf-8","already-ascii",""
"modules\hashlib4pascal\HashLib\src\Crypto\HlpBlake2BP.pas","utf-8","already-ascii",""
"modules\hashlib4pascal\HashLib\src\Crypto\HlpBlake2S.pas","utf-8","already-ascii",""
"modules\hashlib4pascal\HashLib\src\Crypto\HlpBlake2SP.pas","utf-8","already-ascii",""
"modules\hashlib4pascal\HashLib\src\Crypto\HlpBlake3.pas","utf-8","already-ascii",""
"modules\hashlib4pascal\HashLib\src\Crypto\HlpGost.pas","utf-8","already-ascii",""
"modules\hashlib4pascal\HashLib\src\Crypto\HlpGOST3411_2012.pas","utf-8","already-ascii",""
"modules\hashlib4pascal\HashLib\src\Crypto\HlpGrindahl256.pas","utf-8","already-ascii",""
"modules\hashlib4pascal\HashLib\src\Crypto\HlpGrindahl512.pas","utf-8","already-ascii",""
"modules\hashlib4pascal\HashLib\src\Crypto\HlpHAS160.pas","utf-8","already-ascii",""
"modules\hashlib4pascal\HashLib\src\Crypto\HlpHaval.pas","utf-8","already-ascii",""
"modules\hashlib4pascal\HashLib\src\Crypto\HlpMD2.pas","utf-8","already-ascii",""
"modules\hashlib4pascal\HashLib\src\Crypto\HlpMD4.pas","utf-8","already-ascii",""
"modules\hashlib4pascal\HashLib\src\Crypto\HlpMD5.pas","utf-8","already-ascii",""
"modules\hashlib4pascal\HashLib\src\Crypto\HlpMDBase.pas","utf-8","already-ascii",""
"modules\hashlib4pascal\HashLib\src\Crypto\HlpPanama.pas","utf-8","already-ascii",""
"modules\hashlib4pascal\HashLib\src\Crypto\HlpRadioGatun32.pas","utf-8","already-ascii",""
"modules\hashlib4pascal\HashLib\src\Crypto\HlpRadioGatun64.pas","utf-8","already-ascii",""
"modules\hashlib4pascal\HashLib\src\Crypto\HlpRIPEMD.pas","utf-8","already-ascii",""
"modules\hashlib4pascal\HashLib\src\Crypto\HlpRIPEMD128.pas","utf-8","already-ascii",""
"modules\hashlib4pascal\HashLib\src\Crypto\HlpRIPEMD160.pas","utf-8","already-ascii",""
"modules\hashlib4pascal\HashLib\src\Crypto\HlpRIPEMD256.pas","utf-8","already-ascii",""
"modules\hashlib4pascal\HashLib\src\Crypto\HlpRIPEMD320.pas","utf-8","already-ascii",""
"modules\hashlib4pascal\HashLib\src\Crypto\HlpSHA0.pas","utf-8","already-ascii",""
"modules\hashlib4pascal\HashLib\src\Crypto\HlpSHA1.pas","utf-8","already-ascii",""
"modules\hashlib4pascal\HashLib\src\Crypto\HlpSHA2_224.pas","utf-8","already-ascii",""
"modules\hashlib4pascal\HashLib\src\Crypto\HlpSHA2_256.pas","utf-8","already-ascii",""
"modules\hashlib4pascal\HashLib\src\Crypto\HlpSHA2_256Base.pas","utf-8","already-ascii",""
"modules\hashlib4pascal\HashLib\src\Crypto\HlpSHA2_384.pas","utf-8","already-ascii",""
"modules\hashlib4pascal\HashLib\src\Crypto\HlpSHA2_512.pas","utf-8","already-ascii",""
"modules\hashlib4pascal\HashLib\src\Crypto\HlpSHA2_512_224.pas","utf-8","already-ascii",""
"modules\hashlib4pascal\HashLib\src\Crypto\HlpSHA2_512_256.pas","utf-8","already-ascii",""
"modules\hashlib4pascal\HashLib\src\Crypto\HlpSHA2_512Base.pas","utf-8","already-ascii",""
"modules\hashlib4pascal\HashLib\src\Crypto\HlpSHA3.pas","utf-8","already-ascii",""
"modules\hashlib4pascal\HashLib\src\Crypto\HlpSnefru.pas","utf-8","already-ascii",""
"modules\hashlib4pascal\HashLib\src\Crypto\HlpTiger.pas","utf-8","already-ascii",""
"modules\hashlib4pascal\HashLib\src\Crypto\HlpTiger2.pas","utf-8","already-ascii",""
"modules\hashlib4pascal\HashLib\src\Crypto\HlpWhirlPool.pas","utf-8","already-ascii",""
"modules\hashlib4pascal\HashLib\src\Hash128\HlpMurmurHash3_x64_128.pas","utf-8","already-ascii",""
"modules\hashlib4pascal\HashLib\src\Hash128\HlpMurmurHash3_x86_128.pas","utf-8","already-ascii",""
"modules\hashlib4pascal\HashLib\src\Hash128\HlpSipHash128.pas","utf-8","already-ascii",""
"modules\hashlib4pascal\HashLib\src\Hash32\HlpAP.pas","utf-8","already-ascii",""
"modules\hashlib4pascal\HashLib\src\Hash32\HlpBernstein.pas","utf-8","already-ascii",""
"modules\hashlib4pascal\HashLib\src\Hash32\HlpBernstein1.pas","utf-8","already-ascii",""
"modules\hashlib4pascal\HashLib\src\Hash32\HlpBKDR.pas","utf-8","already-ascii",""
"modules\hashlib4pascal\HashLib\src\Hash32\HlpDEK.pas","utf-8","already-ascii",""
"modules\hashlib4pascal\HashLib\src\Hash32\HlpDJB.pas","utf-8","already-ascii",""
"modules\hashlib4pascal\HashLib\src\Hash32\HlpELF.pas","utf-8","already-ascii",""
"modules\hashlib4pascal\HashLib\src\Hash32\HlpFNV.pas","utf-8","already-ascii",""
"modules\hashlib4pascal\HashLib\src\Hash32\HlpFNV1a.pas","utf-8","already-ascii",""
"modules\hashlib4pascal\HashLib\src\Hash32\HlpJenkins3.pas","utf-8","already-ascii",""
"modules\hashlib4pascal\HashLib\src\Hash32\HlpJS.pas","utf-8","already-ascii",""
"modules\hashlib4pascal\HashLib\src\Hash32\HlpMurmur2.pas","utf-8","already-ascii",""
"modules\hashlib4pascal\HashLib\src\Hash32\HlpMurmurHash3_x86_32.pas","utf-8","already-ascii",""
"modules\hashlib4pascal\HashLib\src\Hash32\HlpOneAtTime.pas","utf-8","already-ascii",""
"modules\hashlib4pascal\HashLib\src\Hash32\HlpPJW.pas","utf-8","already-ascii",""
"modules\hashlib4pascal\HashLib\src\Hash32\HlpRotating.pas","utf-8","already-ascii",""
"modules\hashlib4pascal\HashLib\src\Hash32\HlpRS.pas","utf-8","already-ascii",""
"modules\hashlib4pascal\HashLib\src\Hash32\HlpSDBM.pas","utf-8","already-ascii",""
"modules\hashlib4pascal\HashLib\src\Hash32\HlpShiftAndXor.pas","utf-8","already-ascii",""
"modules\hashlib4pascal\HashLib\src\Hash32\HlpSuperFast.pas","utf-8","already-ascii",""
"modules\hashlib4pascal\HashLib\src\Hash32\HlpXXHash32.pas","utf-8","already-ascii",""
"modules\hashlib4pascal\HashLib\src\Hash64\HlpFNV1a64.pas","utf-8","already-ascii",""
"modules\hashlib4pascal\HashLib\src\Hash64\HlpFNV64.pas","utf-8","already-ascii",""
"modules\hashlib4pascal\HashLib\src\Hash64\HlpMurmur2_64.pas","utf-8","already-ascii",""
"modules\hashlib4pascal\HashLib\src\Hash64\HlpSipHash.pas","utf-8","already-ascii",""
"modules\hashlib4pascal\HashLib\src\Hash64\HlpXXHash64.pas","utf-8","already-ascii",""
"modules\hashlib4pascal\HashLib\src\Include\HashLib.inc","utf-8","already-ascii",""
"modules\hashlib4pascal\HashLib\src\Include\HashLibHelper.inc","utf-8","already-ascii",""
"modules\hashlib4pascal\HashLib\src\Interfaces\HlpICRC.pas","utf-8","already-ascii",""
"modules\hashlib4pascal\HashLib\src\Interfaces\HlpIHash.pas","utf-8","already-ascii",""
"modules\hashlib4pascal\HashLib\src\Interfaces\HlpIHashInfo.pas","utf-8","already-ascii",""
"modules\hashlib4pascal\HashLib\src\Interfaces\HlpIHashResult.pas","utf-8","already-ascii",""
"modules\hashlib4pascal\HashLib\src\Interfaces\HlpIKDF.pas","utf-8","already-ascii",""
"modules\hashlib4pascal\HashLib\src\Interfaces\IBlake2BParams\HlpIBlake2BParams.pas","utf-8","already-ascii",""
"modules\hashlib4pascal\HashLib\src\Interfaces\IBlake2SParams\HlpIBlake2SParams.pas","utf-8","already-ascii",""
"modules\hashlib4pascal\HashLib\src\KDF\HlpArgon2TypeAndVersion.pas","utf-8","already-ascii",""
"modules\hashlib4pascal\HashLib\src\KDF\HlpPBKDF_Argon2NotBuildInAdapter.pas","utf-8","already-ascii",""
"modules\hashlib4pascal\HashLib\src\KDF\HlpPBKDF_ScryptNotBuildInAdapter.pas","utf-8","already-ascii",""
"modules\hashlib4pascal\HashLib\src\KDF\HlpPBKDF2_HMACNotBuildInAdapter.pas","utf-8","already-ascii",""
"modules\hashlib4pascal\HashLib\src\Nullable\HlpNullable.pas","utf-8","already-ascii",""
"modules\hashlib4pascal\HashLib\src\NullDigest\HlpNullDigest.pas","utf-8","already-ascii",""
"modules\hashlib4pascal\HashLib\src\Packages\Delphi\HashLib4PascalPackage.dpk","utf-8","already-ascii",""
"modules\hashlib4pascal\HashLib\src\Packages\FPC\HashLib4PascalPackage.lpk","utf-8","already-ascii",""
"modules\hashlib4pascal\HashLib\src\Packages\FPC\HashLib4PascalPackage.pas","utf-8","already-ascii",""
"modules\hashlib4pascal\HashLib\src\Utils\HlpArrayUtils.pas","utf-8","already-ascii",""
"modules\hashlib4pascal\HashLib\src\Utils\HlpBitConverter.pas","utf-8","already-ascii",""
"modules\hashlib4pascal\HashLib\src\Utils\HlpBits.pas","utf-8","already-ascii",""
"modules\hashlib4pascal\HashLib\src\Utils\HlpConverters.pas","utf-8","already-ascii",""
"modules\hashlib4pascal\HashLib\src\Utils\HlpHashLibTypes.pas","utf-8","already-ascii",""
"modules\hashlib4pascal\LICENSE","utf-8","already-ascii",""
"modules\hashlib4pascal\README.md","utf-8","already-ascii",""
"modules\horse\.github\FUNDING.yml","utf-8","already-ascii",""
"modules\horse\.github\workflows\tests.yml","utf-8","already-ascii",""
"modules\horse\.gitignore","utf-8","already-ascii",""
"modules\horse\boss.json","utf-8","already-ascii",""
"modules\horse\boss-lock.json","utf-8","already-ascii",""
"modules\horse\img\horse.png","binary","skipped","Binary or unsupported file"
"modules\horse\LICENSE","utf-8","already-ascii",""
"modules\horse\README.md","utf-8","already-ascii",""
"modules\horse\samples\delphi\apache\Apache.dpr","utf-8","already-ascii",""
"modules\horse\samples\delphi\apache\Apache.dproj","utf-8","already-ascii",""
"modules\horse\samples\delphi\cgi\CGI.dpr","utf-8","already-ascii",""
"modules\horse\samples\delphi\cgi\CGI.dproj","utf-8","already-ascii",""
"modules\horse\samples\delphi\daemon\Daemon.dpr","utf-8","already-ascii",""
"modules\horse\samples\delphi\daemon\Daemon.dproj","utf-8","already-ascii",""
"modules\horse\samples\delphi\isapi\ISAPI.dpr","utf-8","already-ascii",""
"modules\horse\samples\delphi\isapi\ISAPI.dproj","utf-8","already-ascii",""
"modules\horse\samples\delphi\Samples.groupproj","utf-8","already-ascii",""
"modules\horse\samples\delphi\vcl-ssl\src\Main.Form.dfm","utf-8","already-ascii",""
"modules\horse\samples\delphi\vcl-ssl\src\Main.Form.pas","utf-8","already-ascii",""
"modules\horse\samples\delphi\vcl-ssl\VCL_SSL.dpr","utf-8","already-ascii",""
"modules\horse\samples\delphi\vcl-ssl\VCL_SSL.dproj","utf-8","already-ascii",""
"modules\horse\samples\delphi\winsvc\src\Main.Service.dfm","utf-8","already-ascii",""
"modules\horse\samples\delphi\winsvc\src\Main.Service.pas","utf-8","already-ascii",""
"modules\horse\samples\delphi\winsvc\WinSvc.dpr","utf-8","already-ascii",""
"modules\horse\samples\delphi\winsvc\WinSvc.dproj","utf-8","already-ascii",""
"modules\horse\samples\lazarus\apache\Apache.lpi","utf-8","already-ascii",""
"modules\horse\samples\lazarus\apache\Apache.pas","utf-8","already-ascii",""
"modules\horse\samples\lazarus\cgi\CGI.lpi","utf-8","already-ascii",""
"modules\horse\samples\lazarus\cgi\CGI.lpr","utf-8","already-ascii",""
"modules\horse\samples\lazarus\daemon\daemon.lpi","utf-8","already-ascii",""
"modules\horse\samples\lazarus\daemon\daemon.lpr","utf-8","already-ascii",""
"modules\horse\samples\lazarus\fastcgi\FCGI.lpi","utf-8","already-ascii",""
"modules\horse\samples\lazarus\fastcgi\FCGI.lpr","utf-8","already-ascii",""
"modules\horse\samples\lazarus\lcl\Samples.lpi","utf-8","already-ascii",""
"modules\horse\samples\lazarus\lcl\Samples.lpr","utf-8","already-ascii",""
"modules\horse\samples\lazarus\lcl\src\views.main.lfm","utf-8","already-ascii",""
"modules\horse\samples\lazarus\lcl\src\views.main.pas","utf-8","already-ascii",""
"modules\horse\samples\lazarus\winsvc\daemonmain.lfm","utf-8","already-ascii",""
"modules\horse\samples\lazarus\winsvc\daemonmain.pas","utf-8","already-ascii",""
"modules\horse\samples\lazarus\winsvc\daemonmanager.lfm","utf-8","already-ascii",""
"modules\horse\samples\lazarus\winsvc\daemonmanager.pas","utf-8","already-ascii",""
"modules\horse\samples\lazarus\winsvc\WinSvc.lpi","utf-8","already-ascii",""
"modules\horse\samples\lazarus\winsvc\WinSvc.lpr","utf-8","already-ascii",""
"modules\horse\src\Horse.Callback.pas","utf-8","already-ascii",""
"modules\horse\src\Horse.Commons.pas","utf-8","already-ascii",""
"modules\horse\src\Horse.Constants.pas","utf-8","already-ascii",""
"modules\horse\src\Horse.Core.Files.pas","utf-8","already-ascii",""
"modules\horse\src\Horse.Core.Group.Contract.pas","utf-8","already-ascii",""
"modules\horse\src\Horse.Core.Group.pas","utf-8","already-ascii",""
"modules\horse\src\Horse.Core.Param.Config.pas","utf-8","already-ascii",""
"modules\horse\src\Horse.Core.Param.Field.Brackets.pas","utf-8","already-ascii",""
"modules\horse\src\Horse.Core.Param.Field.pas","utf-8","already-ascii",""
"modules\horse\src\Horse.Core.Param.Header.pas","utf-8","already-ascii",""
"modules\horse\src\Horse.Core.Param.pas","utf-8","already-ascii",""
"modules\horse\src\Horse.Core.pas","utf-8","already-ascii",""
"modules\horse\src\Horse.Core.Route.Contract.pas","utf-8","already-ascii",""
"modules\horse\src\Horse.Core.Route.pas","utf-8","already-ascii",""
"modules\horse\src\Horse.Core.RouterTree.NextCaller.pas","utf-8","already-ascii",""
"modules\horse\src\Horse.Core.RouterTree.pas","utf-8","already-ascii",""
"modules\horse\src\Horse.EnvironmentVariables.pas","utf-8","already-ascii",""
"modules\horse\src\Horse.Exception.Interrupted.pas","utf-8","already-ascii",""
"modules\horse\src\Horse.Exception.pas","utf-8","already-ascii",""
"modules\horse\src\Horse.Mime.pas","utf-8","already-ascii",""
"modules\horse\src\Horse.pas","utf-8","already-ascii",""
"modules\horse\src\Horse.Proc.pas","utf-8","already-ascii",""
"modules\horse\src\Horse.Provider.Abstract.pas","utf-8","already-ascii",""
"modules\horse\src\Horse.Provider.Apache.pas","utf-8","already-ascii",""
"modules\horse\src\Horse.Provider.CGI.pas","utf-8","already-ascii",""
"modules\horse\src\Horse.Provider.Console.pas","utf-8","already-ascii",""
"modules\horse\src\Horse.Provider.Daemon.pas","utf-8","already-ascii",""
"modules\horse\src\Horse.Provider.FPC.Apache.pas","utf-8","already-ascii",""
"modules\horse\src\Horse.Provider.FPC.CGI.pas","utf-8","already-ascii",""
"modules\horse\src\Horse.Provider.FPC.Daemon.pas","utf-8","already-ascii",""
"modules\horse\src\Horse.Provider.FPC.FastCGI.pas","utf-8","already-ascii",""
"modules\horse\src\Horse.Provider.FPC.HTTPApplication.pas","utf-8","already-ascii",""
"modules\horse\src\Horse.Provider.FPC.LCL.pas","utf-8","already-ascii",""
"modules\horse\src\Horse.Provider.IOHandleSSL.Contract.pas","utf-8","already-ascii",""
"modules\horse\src\Horse.Provider.IOHandleSSL.pas","utf-8","already-ascii",""
"modules\horse\src\Horse.Provider.ISAPI.pas","utf-8","already-ascii",""
"modules\horse\src\Horse.Provider.VCL.pas","utf-8","already-ascii",""
"modules\horse\src\Horse.Request.pas","utf-8","already-ascii",""
"modules\horse\src\Horse.Response.pas","utf-8","already-ascii",""
"modules\horse\src\Horse.Rtti.Helper.pas","utf-8","already-ascii",""
"modules\horse\src\Horse.Rtti.pas","utf-8","already-ascii",""
"modules\horse\src\Horse.Session.pas","utf-8","already-ascii",""
"modules\horse\src\Horse.WebModule.dfm","utf-8","already-ascii",""
"modules\horse\src\Horse.WebModule.lfm","utf-8","already-ascii",""
"modules\horse\src\Horse.WebModule.pas","utf-8","already-ascii",""
"modules\horse\src\ThirdParty.Posix.Syslog.pas","utf-8","already-ascii",""
"modules\horse\src\Web.WebConst.pas","utf-8","already-ascii",""
"modules\horse\tests\code-coverage\dcov_execute_console.bat","utf-8","already-ascii",""
"modules\horse\tests\code-coverage\dcov_execute_vcl.bat","utf-8","already-ascii",""
"modules\horse\tests\code-coverage\dcov_paths.lst","utf-8","already-ascii",""
"modules\horse\tests\code-coverage\dcov_units.lst","utf-8","already-ascii",""
"modules\horse\tests\src\boss.json","utf-8","already-ascii",""
"modules\horse\tests\src\boss-lock.json","utf-8","already-ascii",""
"modules\horse\tests\src\Console.dpr","utf-8","already-ascii",""
"modules\horse\tests\src\Console.dproj","utf-8","already-ascii",""
"modules\horse\tests\src\controllers\Controllers.Api.pas","utf-8","already-ascii",""
"modules\horse\tests\src\DUnitX.groupproj","utf-8","already-ascii",""
"modules\horse\tests\src\tests\Tests.Api.Console.pas","utf-8","already-ascii",""
"modules\horse\tests\src\tests\Tests.Api.Vcl.pas","utf-8","already-ascii",""
"modules\horse\tests\src\tests\Tests.Commons.pas","utf-8","already-ascii",""
"modules\horse\tests\src\tests\Tests.Horse.Core.Files.pas","utf-8","already-ascii",""
"modules\horse\tests\src\tests\Tests.Horse.Core.Param.pas","utf-8","already-ascii",""
"modules\horse\tests\src\VCL.dpr","utf-8","already-ascii",""
"modules\horse\tests\src\VCL.dproj","utf-8","already-ascii",""
"modules\horse-jhonson\.git\config","utf-8","already-ascii",""
"modules\horse-jhonson\.git\description","utf-8","already-ascii",""
"modules\horse-jhonson\.git\HEAD","utf-8","already-ascii",""
"modules\horse-jhonson\.git\hooks\applypatch-msg.sample","utf-8","already-ascii",""
"modules\horse-jhonson\.git\hooks\commit-msg.sample","utf-8","already-ascii",""
"modules\horse-jhonson\.git\hooks\fsmonitor-watchman.sample","utf-8","already-ascii",""
"modules\horse-jhonson\.git\hooks\post-update.sample","utf-8","already-ascii",""
"modules\horse-jhonson\.git\hooks\pre-applypatch.sample","utf-8","already-ascii",""
"modules\horse-jhonson\.git\hooks\pre-commit.sample","utf-8","already-ascii",""
"modules\horse-jhonson\.git\hooks\pre-merge-commit.sample","utf-8","already-ascii",""
"modules\horse-jhonson\.git\hooks\prepare-commit-msg.sample","utf-8","already-ascii",""
"modules\horse-jhonson\.git\hooks\pre-push.sample","utf-8","already-ascii",""
"modules\horse-jhonson\.git\hooks\pre-rebase.sample","utf-8","already-ascii",""
"modules\horse-jhonson\.git\hooks\pre-receive.sample","utf-8","already-ascii",""
"modules\horse-jhonson\.git\hooks\push-to-checkout.sample","utf-8","already-ascii",""
"modules\horse-jhonson\.git\hooks\sendemail-validate.sample","utf-8","already-ascii",""
"modules\horse-jhonson\.git\hooks\update.sample","utf-8","already-ascii",""
"modules\horse-jhonson\.git\index","binary","skipped","Binary or unsupported file"
"modules\horse-jhonson\.git\info\exclude","utf-8","already-ascii",""
"modules\horse-jhonson\.git\logs\HEAD","utf-8","already-ascii",""
"modules\horse-jhonson\.git\logs\refs\heads\master","utf-8","already-ascii",""
"modules\horse-jhonson\.git\logs\refs\remotes\origin\HEAD","utf-8","already-ascii",""
"modules\horse-jhonson\.git\objects\pack\pack-91e73e7339174b251b16ce5ce6e3f37678b42996.idx","binary","skipped","Binary or unsupported file"
"modules\horse-jhonson\.git\objects\pack\pack-91e73e7339174b251b16ce5ce6e3f37678b42996.pack","binary","skipped","Binary or unsupported file"
"modules\horse-jhonson\.git\objects\pack\pack-91e73e7339174b251b16ce5ce6e3f37678b42996.rev","binary","skipped","Binary or unsupported file"
"modules\horse-jhonson\.git\packed-refs","utf-8","already-ascii",""
"modules\horse-jhonson\.git\refs\heads\master","utf-8","already-ascii",""
"modules\horse-jhonson\.git\refs\remotes\origin\HEAD","utf-8","already-ascii",""
"modules\horse-jhonson\.git\tortoisegit.data","binary","skipped","Binary or unsupported file"
"modules\horse-jhonson\.git\tortoisegit.index","binary","skipped","Binary or unsupported file"
"modules\horse-jhonson\.gitignore","utf-8","already-ascii",""
"modules\horse-jhonson\boss.json","utf-8","already-ascii",""
"modules\horse-jhonson\boss-lock.json","utf-8","already-ascii",""
"modules\horse-jhonson\jhonson.dpk","utf-8","already-ascii",""
"modules\horse-jhonson\jhonson.dproj","utf-8","already-ascii",""
"modules\horse-jhonson\LICENSE","utf-8","already-ascii",""
"modules\horse-jhonson\README.md","utf-8","already-ascii",""
"modules\horse-jhonson\samples\delphi\Samples.dpr","utf-8","already-ascii",""
"modules\horse-jhonson\samples\delphi\Samples.dproj","utf-8","already-ascii",""
"modules\horse-jhonson\samples\lazarus\samples.lpi","utf-8","already-ascii",""
"modules\horse-jhonson\samples\lazarus\samples.lpr","utf-8","already-ascii",""
"modules\horse-jhonson\src\Horse.Jhonson.pas","utf-8","already-ascii",""
"README.md","utf-8","already-ascii",""
"reports\encoding-report.csv","utf-8","already-ascii",""
"Samples\SimpleServer\SimpleServer.dpr","utf-8","already-ascii",""
"Security\Bridge.ResponseProtection.Entity.pas","utf-8","already-ascii",""
"Tests\ManualValidation\ManualValidation.dpr","utf-8","already-ascii",""
"Tests\ManualValidation\ManualValidation.dproj","utf-8","already-ascii",""
"Tests\ManualValidation\ManualValidation.identcache","binary","skipped","Binary or unsupported file"
"Tests\ManualValidation\ManualValidation.res","binary","skipped","Binary or unsupported file"
"Tests\ManualValidation\SQLite3.dll","binary","skipped","Binary or unsupported file"
"Tests\ManualValidation\Tests.Async.pas","utf-8","already-ascii",""
"Tests\ManualValidation\Tests.Audit.pas","utf-8","already-ascii",""
"Tests\ManualValidation\Tests.CursorPagination.pas","utf-8","already-ascii",""
"Tests\ManualValidation\Tests.CursorTieBreaking.pas","utf-8","already-ascii",""
"Tests\ManualValidation\Tests.DebugCursor.pas","utf-8","already-ascii",""
"Tests\ManualValidation\Tests.Features.pas","utf-8","already-ascii",""
"Tests\ManualValidation\Tests.Infrastructure.pas","utf-8","already-ascii",""
"Tests\ManualValidation\Tests.JsonIgnore.pas","utf-8","already-ascii",""
"Tests\ManualValidation\Tests.Lazy.pas","utf-8","already-ascii",""
"Tests\ManualValidation\Tests.MasterDetail.Controller.pas","utf-8","already-ascii",""
"Tests\ManualValidation\Tests.MasterDetail.Entities.pas","utf-8","already-ascii",""
"Tests\ManualValidation\Tests.MasterDetail.Model.pas","utf-8","already-ascii",""
"Tests\ManualValidation\Tests.MasterDetail.pas","utf-8","already-ascii",""
"Tests\ManualValidation\Tests.Patch.pas","utf-8","already-ascii",""
"Tests\ManualValidation\Tests.Performance.pas","utf-8","already-ascii",""
"Tests\ManualValidation\Tests.QueryBuilder.pas","utf-8","already-ascii",""
"Tests\ManualValidation\Tests.Read.pas","utf-8","already-ascii",""
"Tests\ManualValidation\Tests.ResponseProtection.pas","utf-8","already-ascii",""
"Tests\ManualValidation\Tests.Shared.pas","utf-8","already-ascii",""
"Tests\ManualValidation\Tests.Write.pas","utf-8","already-ascii",""
"Tests\UnitTests\BridgeFramework.Tests.dpr","utf-8","already-ascii",""
"Tests\UnitTests\BridgeFramework.Tests.dproj","utf-8","already-ascii",""
"Tests\UnitTests\BridgeFramework.Tests.identcache","binary","skipped","Binary or unsupported file"
"Tests\UnitTests\BridgeFramework.Tests.res","binary","skipped","Binary or unsupported file"
"Tests\UnitTests\BridgeFramework.TestSample.pas","utf-8","already-ascii",""
"Tests\UnitTests\dunitx-results.xml","utf-8","already-ascii",""
"tools\Convert-TextFilesToAscii.ps1","utf-8","already-ascii",""
"WIKI_CONTENT.md","utf-8","already-ascii",""
