"Arquivo","Encoding","TamanhoBytes"
".agent\frontend-design\LICENSE.txt","ASCII","10351"
".agent\frontend-design\SKILL.md","ASCII","4482"
".agent\mcp-builder\LICENSE.txt","ASCII","11558"
".agent\mcp-builder\reference\evaluation.md","ASCII","22272"
".agent\mcp-builder\reference\mcp_best_practices.md","ASCII","7579"
".agent\mcp-builder\reference\node_mcp_server.md","ASCII","29675"
".agent\mcp-builder\reference\python_mcp_server.md","ASCII","25817"
".agent\mcp-builder\scripts\connections.py","ASCII","5026"
".agent\mcp-builder\scripts\evaluation.py","ASCII","12984"
".agent\mcp-builder\scripts\example_evaluation.xml","ASCII","1226"
".agent\mcp-builder\scripts\requirements.txt","ASCII","31"
".agent\mcp-builder\SKILL.md","ASCII","9375"
".agent\skill-creator\agents\analyzer.md","ASCII","10660"
".agent\skill-creator\agents\comparator.md","ASCII","7501"
".agent\skill-creator\agents\grader.md","ASCII","9263"
".agent\skill-creator\assets\eval_review.html","ASCII","7204"
".agent\skill-creator\eval-viewer\generate_review.py","ASCII","16966"
".agent\skill-creator\eval-viewer\viewer.html","ASCII","46317"
".agent\skill-creator\LICENSE.txt","ASCII","11558"
".agent\skill-creator\references\schemas.md","ASCII","12495"
".agent\skill-creator\scripts\__init__.py","ASCII","0"
".agent\skill-creator\scripts\aggregate_benchmark.py","ASCII","14979"
".agent\skill-creator\scripts\generate_report.py","ASCII","13188"
".agent\skill-creator\scripts\improve_description.py","ASCII","11359"
".agent\skill-creator\scripts\package_skill.py","ASCII","4406"
".agent\skill-creator\scripts\quick_validate.py","ASCII","4074"
".agent\skill-creator\scripts\run_eval.py","ASCII","11774"
".agent\skill-creator\scripts\run_loop.py","ASCII","13933"
".agent\skill-creator\scripts\utils.py","ASCII","1708"
".agent\skill-creator\SKILL.md","ASCII","33793"
".agent\webapp-testing\examples\console_logging.py","ASCII","1061"
".agent\webapp-testing\examples\element_discovery.py","ASCII","1502"
".agent\webapp-testing\examples\static_html_automation.py","ASCII","985"
".agent\webapp-testing\LICENSE.txt","ASCII","11558"
".agent\webapp-testing\scripts\with_server.py","ASCII","3798"
".agent\webapp-testing\SKILL.md","ASCII","4112"
".agent\web-artifacts-builder\LICENSE.txt","ASCII","11558"
".agent\web-artifacts-builder\scripts\bundle-artifact.sh","ASCII","1610"
".agent\web-artifacts-builder\scripts\init-artifact.sh","ASCII","10336"
".agent\web-artifacts-builder\scripts\shadcn-components.tar.gz","Binary / unsupported","19967"
".agent\web-artifacts-builder\SKILL.md","ASCII","3188"
".gitignore","ASCII","159"
".tgitconfig","ASCII","0"
"Audit\Bridge.Audit.Controller.pas","ASCII","1068"
"Audit\Bridge.Audit.Entity.pas","ASCII","1488"
"Audit\Bridge.Audit.Model.pas","ASCII","501"
"Audit\Bridge.Audit.pas","ASCII","3189"
"boss.json","ASCII","199"
"boss-lock.json","ASCII","935"
"BridgeFrameWork.dpk","ASCII","8927"
"BridgeFrameWork.dproj","ASCII","60596"
"BridgeFrameWork.identcache","Binary / unsupported","152632"
"BridgeFrameWork.res","Binary / unsupported","96"
"Classes\Bridge.FastRtti.pas","ASCII","12259"
"Classes\Bridge.Horse.Pagination.pas","ASCII","9901"
"Classes\Bridge.Lazy.pas","ASCII","5766"
"Classes\Bridge.LazyObjectList.pas","ASCII","7271"
"Classes\Bridge.Neon.Config.pas","ASCII","17368"
"Classes\Bridge.ResponseProtection.pas","ASCII","21700"
"Classes\Bridge.RttiHelper.pas","ASCII","8581"
"Connection\Bridge.Connection.Base.pas","ASCII","16398"
"Connection\Bridge.Connection.Data.pas","ASCII","3696"
"Connection\Bridge.Connection.Factory.pas","ASCII","3018"
"Connection\Bridge.Connection.Firebird.pas","ASCII","4698"
"Connection\Bridge.Connection.Generator.Base.pas","ASCII","9671"
"Connection\Bridge.Connection.Generator.Firebird.pas","ASCII","2082"
"Connection\Bridge.Connection.Generator.Interfaces.pas","ASCII","2168"
"Connection\Bridge.Connection.Generator.MySQL.pas","ASCII","774"
"Connection\Bridge.Connection.Generator.Oracle.pas","ASCII","191"
"Connection\Bridge.Connection.Generator.Postgres.pas","ASCII","1537"
"Connection\Bridge.Connection.Generator.SQLite.pas","ASCII","394"
"Connection\Bridge.Connection.Generator.SQLServer.pas","ASCII","2102"
"Connection\Bridge.Connection.Interfaces.pas","ASCII","14196"
"Connection\Bridge.Connection.Log.Manager.pas","ASCII","8898"
"Connection\Bridge.Connection.Log.Provider.pas","ASCII","2376"
"Connection\Bridge.Connection.MySQL.pas","ASCII","4557"
"Connection\Bridge.Connection.Oracle.pas","ASCII","6312"
"Connection\Bridge.Connection.Pool.pas","ASCII","3635"
"Connection\Bridge.Connection.Postgres.pas","ASCII","4573"
"Connection\Bridge.Connection.Singleton.pas","ASCII","1014"
"Connection\Bridge.Connection.SQLite.pas","ASCII","4306"
"Connection\Bridge.Connection.SQLServer.pas","ASCII","6073"
"Connection\Bridge.Connection.Types.pas","ASCII","6212"
"Connection\Bridge.Connection.Utils.pas","ASCII","11908"
"Connection\Bridge.Driver.Config.pas","ASCII","5052"
"Controller\Bridge.Async.Controller.pas","ASCII","13673"
"Controller\Bridge.Base.Controller.pas","ASCII","30963"
"Controller\Bridge.Controller.Errors.pas","ASCII","1302"
"Controller\Bridge.Controller.Helper.pas","ASCII","10716"
"Controller\Bridge.Controller.Interfaces.pas","ASCII","10469"
"Controller\Bridge.Controller.QueryBuilder.pas","ASCII","5063"
"Controller\Bridge.Controller.Registry.pas","ASCII","4298"
"Controller\Bridge.Rest.Controller.pas","ASCII","22346"
"dcu\BridgeFrameWork.a","Binary / unsupported","30238906"
"hooks\pre-commit","ASCII","1397"
"install_hooks.bat","ASCII","108"
"MetaData\Bridge.MetaData.Attributes.pas","ASCII","12444"
"MetaData\Bridge.MetaData.Consts.pas","ASCII","1037"
"MetaData\Bridge.MetaData.EntityInitializer.pas","ASCII","12341"
"MetaData\Bridge.MetaData.Manager.pas","ASCII","27093"
"MetaData\Bridge.MetaData.Mapper.pas","ASCII","3611"
"MetaData\Bridge.MetaData.ScriptGenerator.pas","ASCII","29499"
"MetaData\Bridge.MetaData.Types.pas","ASCII","152"
"MetaData\Bridge.MetaData.Validation.Helper.pas","ASCII","12096"
"Model\Bridge.Base.Model.pas","ASCII","10555"
"Model\Bridge.Model.Errors.pas","ASCII","1212"
"Model\Bridge.Model.Interfaces.pas","ASCII","5007"
"modules\delphi-jose-jwt\.gitignore","ASCII","1365"
"modules\delphi-jose-jwt\boss.json","ASCII","419"
"modules\delphi-jose-jwt\boss-lock.json","ASCII","121"
"modules\delphi-jose-jwt\License.txt","ASCII","9140"
"modules\delphi-jose-jwt\Packages\10.1Berlin\JOSE.dpk","ASCII","4104"
"modules\delphi-jose-jwt\Packages\10.1Berlin\JOSE.dproj","ASCII","9111"
"modules\delphi-jose-jwt\Packages\10.2Tokyo\JOSE.dpk","ASCII","4104"
"modules\delphi-jose-jwt\Packages\10.2Tokyo\JOSE.dproj","ASCII","26005"
"modules\delphi-jose-jwt\Packages\10.3Rio\JOSE.dpk","ASCII","4115"
"modules\delphi-jose-jwt\Packages\10.3Rio\JOSE.dproj","ASCII","8592"
"modules\delphi-jose-jwt\Packages\10.4Sydney\JOSE.dpk","ASCII","4115"
"modules\delphi-jose-jwt\Packages\10.4Sydney\JOSE.dproj","ASCII","7791"
"modules\delphi-jose-jwt\Packages\11.0Alexandria\JOSE.dpk","ASCII","4114"
"modules\delphi-jose-jwt\Packages\11.0Alexandria\JOSE.dproj","ASCII","7815"
"modules\delphi-jose-jwt\Packages\12.0Athens\JOSE.dpk","ASCII","4114"
"modules\delphi-jose-jwt\Packages\12.0Athens\JOSE.dproj","ASCII","15385"
"modules\delphi-jose-jwt\README.md","ASCII","12317"
"modules\delphi-jose-jwt\Samples\Basic\JWTDemo.dpr","ASCII","2412"
"modules\delphi-jose-jwt\Samples\Basic\JWTDemo.dproj","ASCII","52241"
"modules\delphi-jose-jwt\Samples\Basic\JWTDemo.Form.Claims.dfm","ASCII","8590"
"modules\delphi-jose-jwt\Samples\Basic\JWTDemo.Form.Claims.pas","ASCII","7739"
"modules\delphi-jose-jwt\Samples\Basic\JWTDemo.Form.Consumer.dfm","ASCII","12585"
"modules\delphi-jose-jwt\Samples\Basic\JWTDemo.Form.Consumer.pas","ASCII","11117"
"modules\delphi-jose-jwt\Samples\Basic\JWTDemo.Form.Debugger.dfm","ASCII","16214"
"modules\delphi-jose-jwt\Samples\Basic\JWTDemo.Form.Debugger.pas","ASCII","13946"
"modules\delphi-jose-jwt\Samples\Basic\JWTDemo.Form.Main.dfm","ASCII","19700"
"modules\delphi-jose-jwt\Samples\Basic\JWTDemo.Form.Main.pas","ASCII","3372"
"modules\delphi-jose-jwt\Samples\Basic\JWTDemo.Form.Misc.dfm","ASCII","1314"
"modules\delphi-jose-jwt\Samples\Basic\JWTDemo.Form.Misc.pas","ASCII","5027"
"modules\delphi-jose-jwt\Samples\Basic\JWTDemo.Form.OpenSSL.dfm","ASCII","8697"
"modules\delphi-jose-jwt\Samples\Basic\JWTDemo.Form.OpenSSL.pas","ASCII","3670"
"modules\delphi-jose-jwt\Samples\Basic\JWTDemo.Form.Simple.dfm","ASCII","3519"
"modules\delphi-jose-jwt\Samples\Basic\JWTDemo.Form.Simple.pas","ASCII","9281"
"modules\delphi-jose-jwt\Samples\Console\JWTConsole.Classes.pas","ASCII","3041"
"modules\delphi-jose-jwt\Samples\Console\JWTConsole.deployproj","ASCII","1516"
"modules\delphi-jose-jwt\Samples\Console\JWTConsole.dpr","ASCII","2016"
"modules\delphi-jose-jwt\Samples\Console\JWTConsole.dproj","ASCII","31707"
"modules\delphi-jose-jwt\Samples\CryptoTest\Crypto.Form.ECDSA.dfm","ASCII","5263"
"modules\delphi-jose-jwt\Samples\CryptoTest\Crypto.Form.ECDSA.pas","ASCII","10385"
"modules\delphi-jose-jwt\Samples\CryptoTest\Crypto.Form.Main.dfm","ASCII","440"
"modules\delphi-jose-jwt\Samples\CryptoTest\Crypto.Form.Main.pas","ASCII","2949"
"modules\delphi-jose-jwt\Samples\CryptoTest\Crypto.Form.RSA.dfm","ASCII","6687"
"modules\delphi-jose-jwt\Samples\CryptoTest\Crypto.Form.RSA.pas","ASCII","3450"
"modules\delphi-jose-jwt\Samples\CryptoTest\Crypto.Form.SSL.dfm","ASCII","6723"
"modules\delphi-jose-jwt\Samples\CryptoTest\Crypto.Form.SSL.pas","ASCII","9335"
"modules\delphi-jose-jwt\Samples\CryptoTest\Crypto.Utils.pas","ASCII","3851"
"modules\delphi-jose-jwt\Samples\CryptoTest\CryptoTest.dpr","ASCII","2316"
"modules\delphi-jose-jwt\Samples\CryptoTest\CryptoTest.dproj","ASCII","52873"
"modules\delphi-jose-jwt\Samples\CustomClaims\CustomClaims.dpr","ASCII","1955"
"modules\delphi-jose-jwt\Samples\CustomClaims\CustomClaims.dproj","ASCII","31140"
"modules\delphi-jose-jwt\Samples\CustomClaims\Demo.Form.Main.dfm","ASCII","4431"
"modules\delphi-jose-jwt\Samples\CustomClaims\Demo.Form.Main.pas","ASCII","5926"
"modules\delphi-jose-jwt\Samples\Exe\README.md","ASCII","124"
"modules\delphi-jose-jwt\Samples\Keys\cert\es256k-x509.pem","ASCII","782"
"modules\delphi-jose-jwt\Samples\Keys\cert\es256-x509.pem","ASCII","786"
"modules\delphi-jose-jwt\Samples\Keys\cert\es384-x509.pem","ASCII","871"
"modules\delphi-jose-jwt\Samples\Keys\cert\es512-x509.pem","ASCII","973"
"modules\delphi-jose-jwt\Samples\Keys\cert\rsa-x509.pem","ASCII","1326"
"modules\delphi-jose-jwt\Samples\Keys\commands.sh","ASCII","1336"
"modules\delphi-jose-jwt\Samples\Keys\es256k-private.pem","ASCII","223"
"modules\delphi-jose-jwt\Samples\Keys\es256k-public.pem","ASCII","174"
"modules\delphi-jose-jwt\Samples\Keys\es256-private.pem","ASCII","227"
"modules\delphi-jose-jwt\Samples\Keys\es256-public.pem","ASCII","178"
"modules\delphi-jose-jwt\Samples\Keys\es384-private.pem","ASCII","288"
"modules\delphi-jose-jwt\Samples\Keys\es384-public.pem","ASCII","215"
"modules\delphi-jose-jwt\Samples\Keys\es512-private.pem","ASCII","365"
"modules\delphi-jose-jwt\Samples\Keys\es512-public.pem","ASCII","268"
"modules\delphi-jose-jwt\Samples\Keys\hs256.key","ASCII","19"
"modules\delphi-jose-jwt\Samples\Keys\hs384.key","ASCII","19"
"modules\delphi-jose-jwt\Samples\Keys\hs512.key","ASCII","19"
"modules\delphi-jose-jwt\Samples\Keys\README.md","ASCII","254"
"modules\delphi-jose-jwt\Samples\Keys\rsa-private.pem","ASCII","1675"
"modules\delphi-jose-jwt\Samples\Keys\rsa-public.pem","ASCII","451"
"modules\delphi-jose-jwt\Source\Common\JOSE.Encoding.Base64.pas","ASCII","7486"
"modules\delphi-jose-jwt\Source\Common\JOSE.Hashing.HMAC.pas","ASCII","3904"
"modules\delphi-jose-jwt\Source\Common\JOSE.OpenSSL.Headers.pas","ASCII","11022"
"modules\delphi-jose-jwt\Source\Common\JOSE.Signing.Base.pas","ASCII","6887"
"modules\delphi-jose-jwt\Source\Common\JOSE.Signing.ECDSA.pas","ASCII","10274"
"modules\delphi-jose-jwt\Source\Common\JOSE.Signing.RSA.pas","ASCII","10092"
"modules\delphi-jose-jwt\Source\Common\JOSE.Types.Arrays.pas","ASCII","7226"
"modules\delphi-jose-jwt\Source\Common\JOSE.Types.Bytes.pas","ASCII","8053"
"modules\delphi-jose-jwt\Source\Common\JOSE.Types.JSON.pas","ASCII","10237"
"modules\delphi-jose-jwt\Source\Common\JOSE.Types.Utils.pas","ASCII","3539"
"modules\delphi-jose-jwt\Source\JOSE.inc","ASCII","1206"
"modules\delphi-jose-jwt\Source\JOSE\JOSE.Builder.pas","ASCII","2056"
"modules\delphi-jose-jwt\Source\JOSE\JOSE.Consumer.pas","ASCII","20723"
"modules\delphi-jose-jwt\Source\JOSE\JOSE.Consumer.Validators.pas","ASCII","11630"
"modules\delphi-jose-jwt\Source\JOSE\JOSE.Context.pas","ASCII","4102"
"modules\delphi-jose-jwt\Source\JOSE\JOSE.Core.Base.pas","ASCII","11078"
"modules\delphi-jose-jwt\Source\JOSE\JOSE.Core.Builder.pas","ASCII","7424"
"modules\delphi-jose-jwt\Source\JOSE\JOSE.Core.JWA.Compression.pas","ASCII","2267"
"modules\delphi-jose-jwt\Source\JOSE\JOSE.Core.JWA.Encryption.pas","ASCII","3067"
"modules\delphi-jose-jwt\Source\JOSE\JOSE.Core.JWA.Factory.pas","ASCII","6010"
"modules\delphi-jose-jwt\Source\JOSE\JOSE.Core.JWA.pas","ASCII","6260"
"modules\delphi-jose-jwt\Source\JOSE\JOSE.Core.JWA.Signing.pas","ASCII","13533"
"modules\delphi-jose-jwt\Source\JOSE\JOSE.Core.JWE.pas","ASCII","2532"
"modules\delphi-jose-jwt\Source\JOSE\JOSE.Core.JWK.pas","ASCII","4270"
"modules\delphi-jose-jwt\Source\JOSE\JOSE.Core.JWS.pas","ASCII","8372"
"modules\delphi-jose-jwt\Source\JOSE\JOSE.Core.JWT.pas","ASCII","14713"
"modules\delphi-jose-jwt\Source\JOSE\JOSE.Core.Parts.pas","ASCII","3797"
"modules\delphi-jose-jwt\Source\JOSE\JOSE.Producer.pas","ASCII","9455"
"modules\delphi-jose-jwt\Tests\Data\README.md","ASCII","91"
"modules\delphi-jose-jwt\Tests\Exe\README.md","ASCII","124"
"modules\delphi-jose-jwt\Tests\JOSE.Tests.dpr","ASCII","3922"
"modules\delphi-jose-jwt\Tests\JOSE.Tests.dproj","ASCII","29464"
"modules\delphi-jose-jwt\Tests\Keys\cert\es256k-x509.pem","ASCII","782"
"modules\delphi-jose-jwt\Tests\Keys\cert\es256-x509.pem","ASCII","786"
"modules\delphi-jose-jwt\Tests\Keys\cert\es384-x509.pem","ASCII","871"
"modules\delphi-jose-jwt\Tests\Keys\cert\es512-x509.pem","ASCII","973"
"modules\delphi-jose-jwt\Tests\Keys\cert\rsa-x509.pem","ASCII","1326"
"modules\delphi-jose-jwt\Tests\Keys\commands.sh","ASCII","1336"
"modules\delphi-jose-jwt\Tests\Keys\es256k-private.pem","ASCII","223"
"modules\delphi-jose-jwt\Tests\Keys\es256k-public.pem","ASCII","174"
"modules\delphi-jose-jwt\Tests\Keys\es256-private.pem","ASCII","227"
"modules\delphi-jose-jwt\Tests\Keys\es256-public.pem","ASCII","178"
"modules\delphi-jose-jwt\Tests\Keys\es384-private.pem","ASCII","288"
"modules\delphi-jose-jwt\Tests\Keys\es384-public.pem","ASCII","215"
"modules\delphi-jose-jwt\Tests\Keys\es512-private.pem","ASCII","365"
"modules\delphi-jose-jwt\Tests\Keys\es512-public.pem","ASCII","268"
"modules\delphi-jose-jwt\Tests\Keys\hs256.key","ASCII","19"
"modules\delphi-jose-jwt\Tests\Keys\hs384.key","ASCII","19"
"modules\delphi-jose-jwt\Tests\Keys\hs512.key","ASCII","19"
"modules\delphi-jose-jwt\Tests\Keys\README.md","ASCII","200"
"modules\delphi-jose-jwt\Tests\Keys\rsa-private.pem","ASCII","1675"
"modules\delphi-jose-jwt\Tests\Keys\rsa-public.pem","ASCII","451"
"modules\delphi-jose-jwt\Tests\Source\JOSE.Tests.Builder.pas","ASCII","2112"
"modules\delphi-jose-jwt\Tests\Source\JOSE.Tests.Classes.pas","ASCII","2320"
"modules\delphi-jose-jwt\Tests\Source\JOSE.Tests.Common.pas","ASCII","7272"
"modules\delphi-jose-jwt\Tests\Source\JOSE.Tests.Consumer.pas","ASCII","4730"
"modules\delphi-jose-jwt\Tests\Source\JOSE.Tests.JWA.ECDSA.pas","ASCII","5056"
"modules\delphi-jose-jwt\Tests\Source\JOSE.Tests.JWA.HMAC.pas","ASCII","5079"
"modules\delphi-jose-jwt\Tests\Source\JOSE.Tests.JWA.RSA.pas","ASCII","6055"
"modules\delphi-jose-jwt\Tests\Source\JOSE.Tests.JWK.pas","ASCII","2117"
"modules\delphi-jose-jwt\Tests\Source\JOSE.Tests.JWS.pas","ASCII","2359"
"modules\delphi-jose-jwt\Tests\Source\JOSE.Tests.JWT.pas","ASCII","2116"
"modules\delphi-jose-jwt\Tests\Source\JOSE.Tests.Utils.pas","ASCII","2217"
"modules\delphi-neon\.gitattributes","ASCII","402"
"modules\delphi-neon\.gitignore","ASCII","1663"
"modules\delphi-neon\boss.json","ASCII","384"
"modules\delphi-neon\boss-lock.json","ASCII","134"
"modules\delphi-neon\Demos\Data\Benchmarks\benchmark-complex.rtf","Binary / unsupported","5126"
"modules\delphi-neon\Demos\Data\Benchmarks\benchmark-simple.rtf","Binary / unsupported","2261"
"modules\delphi-neon\Demos\Data\Benchmarks\customers-1k.json","ASCII","1115215"
"modules\delphi-neon\Demos\Data\Benchmarks\customers-2k.json","ASCII","2174492"
"modules\delphi-neon\Demos\Data\Benchmarks\customers-3k.json","ASCII","3303528"
"modules\delphi-neon\Demos\Data\Benchmarks\customers-4k.json","ASCII","4372682"
"modules\delphi-neon\Demos\Data\Benchmarks\customers-5k.json","ASCII","5473770"
"modules\delphi-neon\Demos\Data\Benchmarks\users-10k.json","ASCII","1053409"
"modules\delphi-neon\Demos\Data\Benchmarks\users-20k.json","ASCII","2117009"
"modules\delphi-neon\Demos\Data\Benchmarks\users-30k.json","ASCII","3179429"
"modules\delphi-neon\Demos\Data\Benchmarks\users-40k.json","ASCII","4242204"
"modules\delphi-neon\Demos\Data\Benchmarks\users-50k.json","ASCII","5303906"
"modules\delphi-neon\Demos\Data\neon-logo-600.bmp","Binary / unsupported","547254"
"modules\delphi-neon\Demos\Data\neon-logo-600.png","Binary / unsupported","227774"
"modules\delphi-neon\Demos\Data\persons.json","ASCII","90689"
"modules\delphi-neon\Demos\Source\Benchmarks\Benchmarks.dpr","ASCII","2256"
"modules\delphi-neon\Demos\Source\Benchmarks\Benchmarks.dproj","ASCII","53045"
"modules\delphi-neon\Demos\Source\Benchmarks\Benchmarks.Entities.pas","ASCII","6211"
"modules\delphi-neon\Demos\Source\Benchmarks\Benchmarks.Form.Main.dfm","ASCII","471056"
"modules\delphi-neon\Demos\Source\Benchmarks\Benchmarks.Form.Main.pas","ASCII","9880"
"modules\delphi-neon\Demos\Source\Benchmarks\Benchmarks.Form.Source.dfm","ASCII","4132"
"modules\delphi-neon\Demos\Source\Benchmarks\Benchmarks.Form.Source.pas","ASCII","2717"
"modules\delphi-neon\Demos\Source\Benchmarks\Benchmarks.res","Binary / unsupported","112332"
"modules\delphi-neon\Demos\Source\MainDemo\Demo.Forms.Details.dfm","ASCII","1239283"
"modules\delphi-neon\Demos\Source\MainDemo\Demo.Forms.Details.pas","ASCII","4170"
"modules\delphi-neon\Demos\Source\MainDemo\Demo.Forms.Main.dfm","ASCII","492500"
"modules\delphi-neon\Demos\Source\MainDemo\Demo.Forms.Main.pas","ASCII","3874"
"modules\delphi-neon\Demos\Source\MainDemo\Demo.Forms.Serialization.Base.dfm","ASCII","14085"
"modules\delphi-neon\Demos\Source\MainDemo\Demo.Forms.Serialization.Base.pas","ASCII","8430"
"modules\delphi-neon\Demos\Source\MainDemo\Demo.Forms.Serialization.Complex.dfm","ASCII","4856"
"modules\delphi-neon\Demos\Source\MainDemo\Demo.Forms.Serialization.Complex.pas","ASCII","10870"
"modules\delphi-neon\Demos\Source\MainDemo\Demo.Forms.Serialization.Custom.dfm","ASCII","5878"
"modules\delphi-neon\Demos\Source\MainDemo\Demo.Forms.Serialization.Custom.pas","ASCII","10502"
"modules\delphi-neon\Demos\Source\MainDemo\Demo.Forms.Serialization.Delphi.dfm","ASCII","3484"
"modules\delphi-neon\Demos\Source\MainDemo\Demo.Forms.Serialization.Delphi.pas","ASCII","6623"
"modules\delphi-neon\Demos\Source\MainDemo\Demo.Forms.Serialization.Records.dfm","ASCII","6241"
"modules\delphi-neon\Demos\Source\MainDemo\Demo.Forms.Serialization.Records.pas","ASCII","9916"
"modules\delphi-neon\Demos\Source\MainDemo\Demo.Forms.Serialization.Schema.dfm","ASCII","3323"
"modules\delphi-neon\Demos\Source\MainDemo\Demo.Forms.Serialization.Schema.pas","ASCII","5648"
"modules\delphi-neon\Demos\Source\MainDemo\Demo.Forms.Serialization.Simple.dfm","ASCII","4405"
"modules\delphi-neon\Demos\Source\MainDemo\Demo.Forms.Serialization.Simple.pas","ASCII","7215"
"modules\delphi-neon\Demos\Source\MainDemo\Demo.Frame.Configuration.dfm","ASCII","4627"
"modules\delphi-neon\Demos\Source\MainDemo\Demo.Frame.Configuration.pas","ASCII","7859"
"modules\delphi-neon\Demos\Source\MainDemo\Demo.Neon.Entities.pas","ASCII","23362"
"modules\delphi-neon\Demos\Source\MainDemo\Demo.Neon.Serializers.pas","ASCII","16179"
"modules\delphi-neon\Demos\Source\MainDemo\NeonMainDemo.dpr","ASCII","3081"
"modules\delphi-neon\Demos\Source\MainDemo\NeonMainDemo.dproj","ASCII","59223"
"modules\delphi-neon\Demos\Source\MainDemo\NeonMainDemo.res","Binary / unsupported","154508"
"modules\delphi-neon\LICENSE","ASCII","11558"
"modules\delphi-neon\Packages\10.1Berlin\Neon.dpk","ASCII","3353"
"modules\delphi-neon\Packages\10.1Berlin\Neon.dproj","ASCII","25978"
"modules\delphi-neon\Packages\10.1Berlin\Neon.res","Binary / unsupported","652"
"modules\delphi-neon\Packages\10.2Tokyo\Neon.dpk","ASCII","3353"
"modules\delphi-neon\Packages\10.2Tokyo\Neon.dproj","ASCII","26514"
"modules\delphi-neon\Packages\10.2Tokyo\Neon.res","Binary / unsupported","616"
"modules\delphi-neon\Packages\10.3Rio\Neon.dpk","ASCII","3353"
"modules\delphi-neon\Packages\10.3Rio\Neon.dproj","ASCII","9650"
"modules\delphi-neon\Packages\10.3Rio\Neon.res","Binary / unsupported","616"
"modules\delphi-neon\Packages\10.4Sydney\AndroidManifest.template.xml","ASCII","1976"
"modules\delphi-neon\Packages\10.4Sydney\Neon.dpk","ASCII","3353"
"modules\delphi-neon\Packages\10.4Sydney\Neon.dproj","ASCII","9651"
"modules\delphi-neon\Packages\10.4Sydney\Neon.res","Binary / unsupported","616"
"modules\delphi-neon\Packages\10.4Sydney\NeonCrossPlatform.dpk","ASCII","3363"
"modules\delphi-neon\Packages\10.4Sydney\NeonCrossPlatform.dproj","ASCII","49272"
"modules\delphi-neon\Packages\10.4Sydney\NeonCrossPlatform.res","Binary / unsupported","688"
"modules\delphi-neon\Packages\11AndLater\AndroidManifest.template.xml","ASCII","1976"
"modules\delphi-neon\Packages\11AndLater\Neon.dpk","ASCII","3352"
"modules\delphi-neon\Packages\11AndLater\Neon.dproj","ASCII","52001"
"modules\delphi-neon\Packages\11AndLater\NeonCrossPlatform.dpk","ASCII","3362"
"modules\delphi-neon\Packages\11AndLater\NeonCrossPlatform.dproj","ASCII","52542"
"modules\delphi-neon\README.md","ASCII","6838"
"modules\delphi-neon\Source\Neon.Core.Attributes.pas","ASCII","12635"
"modules\delphi-neon\Source\Neon.Core.DynamicTypes.pas","ASCII","19350"
"modules\delphi-neon\Source\Neon.Core.Nullables.pas","ASCII","7733"
"modules\delphi-neon\Source\Neon.Core.Persistence.JSON.pas","ASCII","74282"
"modules\delphi-neon\Source\Neon.Core.Persistence.JSON.Schema.pas","ASCII","24995"
"modules\delphi-neon\Source\Neon.Core.Persistence.pas","ASCII","56824"
"modules\delphi-neon\Source\Neon.Core.Serializers.DB.pas","ASCII","3759"
"modules\delphi-neon\Source\Neon.Core.Serializers.Nullables.pas","ASCII","14433"
"modules\delphi-neon\Source\Neon.Core.Serializers.RTL.pas","ASCII","16692"
"modules\delphi-neon\Source\Neon.Core.Serializers.VCL.pas","ASCII","4275"
"modules\delphi-neon\Source\Neon.Core.Tags.pas","ASCII","7336"
"modules\delphi-neon\Source\Neon.Core.TypeInfo.pas","ASCII","7441"
"modules\delphi-neon\Source\Neon.Core.Types.pas","ASCII","3797"
"modules\delphi-neon\Source\Neon.Core.Utils.pas","ASCII","50823"
"modules\delphi-neon\Source\Neon.inc","ASCII","1745"
"modules\delphi-neon\Tests\Data\TDataTests.Persons.json","ASCII","1195"
"modules\delphi-neon\Tests\Data\TTestAutoCreate.NoObject.json","ASCII","100"
"modules\delphi-neon\Tests\Data\TTestAutoCreate.SubObject.json","ASCII","245"
"modules\delphi-neon\Tests\Data\TTestConfigMemberCase.TestCamelCase.json","ASCII","85"
"modules\delphi-neon\Tests\Data\TTestConfigMemberCase.TestKebabCase.json","ASCII","86"
"modules\delphi-neon\Tests\Data\TTestConfigMemberCase.TestLowerCase.json","ASCII","85"
"modules\delphi-neon\Tests\Data\TTestConfigMemberCase.TestPascalCase.json","ASCII","85"
"modules\delphi-neon\Tests\Data\TTestConfigMemberCase.TestScreamingSnakeCase.json","ASCII","86"
"modules\delphi-neon\Tests\Data\TTestConfigMemberCase.TestSnakeCase.json","ASCII","86"
"modules\delphi-neon\Tests\Data\TTestConfigMemberCase.TestUpperCase.json","ASCII","85"
"modules\delphi-neon\Tests\Data\TTestReferenceTypes.TestPersonAnsi.json","ASCII","229"
"modules\delphi-neon\Tests\Data\TTestReferenceTypes.TestPersonPretty.json","ASCII","367"
"modules\delphi-neon\Tests\Data\TTestReferenceTypes.TestPersonUnicode.json","ASCII","315"
"modules\delphi-neon\Tests\Neon.Tests.Framework.dpr","ASCII","4723"
"modules\delphi-neon\Tests\Neon.Tests.Framework.dproj","ASCII","56219"
"modules\delphi-neon\Tests\Neon.Tests.Framework.res","Binary / unsupported","152412"
"modules\delphi-neon\Tests\Source\Neon.Data.Tests.dfm","ASCII","3566"
"modules\delphi-neon\Tests\Source\Neon.Data.Tests.pas","ASCII","3121"
"modules\delphi-neon\Tests\Source\Neon.Serializers.Tests.pas","ASCII","5579"
"modules\delphi-neon\Tests\Source\Neon.Tests.Attributes.Factory.pas","ASCII","13422"
"modules\delphi-neon\Tests\Source\Neon.Tests.Attributes.pas","ASCII","2717"
"modules\delphi-neon\Tests\Source\Neon.Tests.Config.AutoCreate.pas","ASCII","5153"
"modules\delphi-neon\Tests\Source\Neon.Tests.Config.EnumAsInt.pas","ASCII","3746"
"modules\delphi-neon\Tests\Source\Neon.Tests.Config.IgnoreMembers.pas","ASCII","6076"
"modules\delphi-neon\Tests\Source\Neon.Tests.Config.MemberCase.pas","ASCII","5617"
"modules\delphi-neon\Tests\Source\Neon.Tests.ConfigTypes.pas","ASCII","3893"
"modules\delphi-neon\Tests\Source\Neon.Tests.CustomSerializers.pas","ASCII","5387"
"modules\delphi-neon\Tests\Source\Neon.Tests.Entities.pas","ASCII","8269"
"modules\delphi-neon\Tests\Source\Neon.Tests.Items.pas","ASCII","5478"
"modules\delphi-neon\Tests\Source\Neon.Tests.Serializer.pas","ASCII","2474"
"modules\delphi-neon\Tests\Source\Neon.Tests.Types.Arrays.pas","ASCII","5805"
"modules\delphi-neon\Tests\Source\Neon.Tests.Types.Bytes.pas","ASCII","3591"
"modules\delphi-neon\Tests\Source\Neon.Tests.Types.Enums.pas","ASCII","3290"
"modules\delphi-neon\Tests\Source\Neon.Tests.Types.Records.pas","ASCII","3350"
"modules\delphi-neon\Tests\Source\Neon.Tests.Types.Reference.pas","ASCII","4971"
"modules\delphi-neon\Tests\Source\Neon.Tests.Types.Simple.pas","ASCII","14483"
"modules\delphi-neon\Tests\Source\Neon.Tests.Types.Strings.pas","ASCII","3963"
"modules\delphi-neon\Tests\Source\Neon.Tests.Utils.pas","ASCII","5517"
"modules\hashlib4pascal\.github\FUNDING.yml","ASCII","717"
"modules\hashlib4pascal\.github\ISSUE_TEMPLATE\bug_report.md","ASCII","670"
"modules\hashlib4pascal\.github\ISSUE_TEMPLATE\feature_request.md","ASCII","560"
"modules\hashlib4pascal\.gitignore","ASCII","2213"
"modules\hashlib4pascal\.travis.install.py","ASCII","7734"
"modules\hashlib4pascal\.travis.yml","ASCII","2494"
"modules\hashlib4pascal\HashLib.Benchmark\project\Delphi\PerformanceBenchmarkConsole.dpr","ASCII","7472"
"modules\hashlib4pascal\HashLib.Benchmark\project\Delphi\PerformanceBenchmarkFMX.dpr","ASCII","7126"
"modules\hashlib4pascal\HashLib.Benchmark\project\Lazarus\PerformanceBenchmarkConsole.lpi","ASCII","3126"
"modules\hashlib4pascal\HashLib.Benchmark\project\Lazarus\PerformanceBenchmarkConsole.lpr","ASCII","608"
"modules\hashlib4pascal\HashLib.Benchmark\src\Core\uPerformanceBenchmark.pas","ASCII","4239"
"modules\hashlib4pascal\HashLib.Benchmark\src\Forms\FMX\fmxMainForm.fmx","ASCII","1036"
"modules\hashlib4pascal\HashLib.Benchmark\src\Forms\FMX\fmxMainForm.pas","ASCII","1220"
"modules\hashlib4pascal\HashLib.Tests\Delphi.Tests\HashLib.Tests.dpr","ASCII","7812"
"modules\hashlib4pascal\HashLib.Tests\Delphi.Tests\HashLib.Tests.TestInsight.dpr","ASCII","7694"
"modules\hashlib4pascal\HashLib.Tests\FreePascal.Tests\HashLib.lpr","ASCII","440"
"modules\hashlib4pascal\HashLib.Tests\FreePascal.Tests\HashLib.Tests.lpi","ASCII","3451"
"modules\hashlib4pascal\HashLib.Tests\FreePascal.Tests\HashLibConsole.lpr","ASCII","694"
"modules\hashlib4pascal\HashLib.Tests\FreePascal.Tests\HashLibConsole.Tests.lpi","ASCII","4198"
"modules\hashlib4pascal\HashLib.Tests\src\BitConverterTests.pas","ASCII","6909"
"modules\hashlib4pascal\HashLib.Tests\src\ChecksumTests.pas","ASCII","821"
"modules\hashlib4pascal\HashLib.Tests\src\CRCTests.pas","ASCII","10356"
"modules\hashlib4pascal\HashLib.Tests\src\CryptoTests.pas","ASCII","135430"
"modules\hashlib4pascal\HashLib.Tests\src\Hash128Tests.pas","ASCII","2723"
"modules\hashlib4pascal\HashLib.Tests\src\Hash32Tests.pas","ASCII","11766"
"modules\hashlib4pascal\HashLib.Tests\src\Hash64Tests.pas","ASCII","3435"
"modules\hashlib4pascal\HashLib.Tests\src\HashLibTestBase.pas","ASCII","43581"
"modules\hashlib4pascal\HashLib.Tests\src\NullDigestTests.pas","ASCII","940"
"modules\hashlib4pascal\HashLib.Tests\src\PBKDF_Argon2Tests.pas","ASCII","9924"
"modules\hashlib4pascal\HashLib.Tests\src\PBKDF_ScryptTests.pas","ASCII","5186"
"modules\hashlib4pascal\HashLib.Tests\src\PBKDF2_HMACTests.pas","ASCII","1946"
"modules\hashlib4pascal\HashLib.Tests\src\TestVectors.pas","ASCII","534798"
"modules\hashlib4pascal\HashLib\src\Base\HlpHash.pas","ASCII","8231"
"modules\hashlib4pascal\HashLib\src\Base\HlpHashBuffer.pas","ASCII","4056"
"modules\hashlib4pascal\HashLib\src\Base\HlpHashCryptoNotBuildIn.pas","ASCII","2683"
"modules\hashlib4pascal\HashLib\src\Base\HlpHashFactory.pas","ASCII","42914"
"modules\hashlib4pascal\HashLib\src\Base\HlpHashResult.pas","ASCII","6154"
"modules\hashlib4pascal\HashLib\src\Base\HlpHashRounds.pas","ASCII","203"
"modules\hashlib4pascal\HashLib\src\Base\HlpHashSize.pas","ASCII","307"
"modules\hashlib4pascal\HashLib\src\Base\HlpHMACNotBuildInAdapter.pas","ASCII","4047"
"modules\hashlib4pascal\HashLib\src\Base\HlpKDF.pas","ASCII","1233"
"modules\hashlib4pascal\HashLib\src\Base\HlpMultipleTransformNonBlock.pas","ASCII","2247"
"modules\hashlib4pascal\HashLib\src\Checksum\HlpAdler32.pas","ASCII","2503"
"modules\hashlib4pascal\HashLib\src\Checksum\HlpCRC.pas","ASCII","41721"
"modules\hashlib4pascal\HashLib\src\Checksum\HlpCRC16.pas","ASCII","1890"
"modules\hashlib4pascal\HashLib\src\Checksum\HlpCRC32.pas","ASCII","2507"
"modules\hashlib4pascal\HashLib\src\Checksum\HlpCRC32Fast.pas","ASCII","7267"
"modules\hashlib4pascal\HashLib\src\Checksum\HlpCRC64.pas","ASCII","2057"
"modules\hashlib4pascal\HashLib\src\Crypto\Blake2BParams\HlpBlake2BParams.pas","ASCII","14712"
"modules\hashlib4pascal\HashLib\src\Crypto\Blake2SParams\HlpBlake2SParams.pas","ASCII","14937"
"modules\hashlib4pascal\HashLib\src\Crypto\HlpBlake2B.pas","ASCII","62951"
"modules\hashlib4pascal\HashLib\src\Crypto\HlpBlake2BP.pas","ASCII","11738"
"modules\hashlib4pascal\HashLib\src\Crypto\HlpBlake2S.pas","ASCII","56081"
"modules\hashlib4pascal\HashLib\src\Crypto\HlpBlake2SP.pas","ASCII","11737"
"modules\hashlib4pascal\HashLib\src\Crypto\HlpBlake3.pas","ASCII","29410"
"modules\hashlib4pascal\HashLib\src\Crypto\HlpGost.pas","ASCII","15343"
"modules\hashlib4pascal\HashLib\src\Crypto\HlpGOST3411_2012.pas","ASCII","82645"
"modules\hashlib4pascal\HashLib\src\Crypto\HlpGrindahl256.pas","ASCII","9214"
"modules\hashlib4pascal\HashLib\src\Crypto\HlpGrindahl512.pas","ASCII","16016"
"modules\hashlib4pascal\HashLib\src\Crypto\HlpHAS160.pas","ASCII","5630"
"modules\hashlib4pascal\HashLib\src\Crypto\HlpHaval.pas","ASCII","83733"
"modules\hashlib4pascal\HashLib\src\Crypto\HlpMD2.pas","ASCII","4229"
"modules\hashlib4pascal\HashLib\src\Crypto\HlpMD4.pas","ASCII","5876"
"modules\hashlib4pascal\HashLib\src\Crypto\HlpMD5.pas","ASCII","7858"
"modules\hashlib4pascal\HashLib\src\Crypto\HlpMDBase.pas","ASCII","2070"
"modules\hashlib4pascal\HashLib\src\Crypto\HlpPanama.pas","ASCII","9704"
"modules\hashlib4pascal\HashLib\src\Crypto\HlpRadioGatun32.pas","ASCII","4370"
"modules\hashlib4pascal\HashLib\src\Crypto\HlpRadioGatun64.pas","ASCII","4362"
"modules\hashlib4pascal\HashLib\src\Crypto\HlpRIPEMD.pas","ASCII","8510"
"modules\hashlib4pascal\HashLib\src\Crypto\HlpRIPEMD128.pas","ASCII","13484"
"modules\hashlib4pascal\HashLib\src\Crypto\HlpRIPEMD160.pas","ASCII","23076"
"modules\hashlib4pascal\HashLib\src\Crypto\HlpRIPEMD256.pas","ASCII","13842"
"modules\hashlib4pascal\HashLib\src\Crypto\HlpRIPEMD320.pas","ASCII","23380"
"modules\hashlib4pascal\HashLib\src\Crypto\HlpSHA0.pas","ASCII","19285"
"modules\hashlib4pascal\HashLib\src\Crypto\HlpSHA1.pas","ASCII","9299"
"modules\hashlib4pascal\HashLib\src\Crypto\HlpSHA2_224.pas","ASCII","1553"
"modules\hashlib4pascal\HashLib\src\Crypto\HlpSHA2_256.pas","ASCII","1553"
"modules\hashlib4pascal\HashLib\src\Crypto\HlpSHA2_256Base.pas","ASCII","39378"
"modules\hashlib4pascal\HashLib\src\Crypto\HlpSHA2_384.pas","ASCII","1647"
"modules\hashlib4pascal\HashLib\src\Crypto\HlpSHA2_512.pas","ASCII","1639"
"modules\hashlib4pascal\HashLib\src\Crypto\HlpSHA2_512_224.pas","ASCII","1720"
"modules\hashlib4pascal\HashLib\src\Crypto\HlpSHA2_512_256.pas","ASCII","1683"
"modules\hashlib4pascal\HashLib\src\Crypto\HlpSHA2_512Base.pas","ASCII","54394"
"modules\hashlib4pascal\HashLib\src\Crypto\HlpSHA3.pas","ASCII","43376"
"modules\hashlib4pascal\HashLib\src\Crypto\HlpSnefru.pas","ASCII","54644"
"modules\hashlib4pascal\HashLib\src\Crypto\HlpTiger.pas","ASCII","49603"
"modules\hashlib4pascal\HashLib\src\Crypto\HlpTiger2.pas","ASCII","49651"
"modules\hashlib4pascal\HashLib\src\Crypto\HlpWhirlPool.pas","ASCII","8492"
"modules\hashlib4pascal\HashLib\src\Hash128\HlpMurmurHash3_x64_128.pas","ASCII","13449"
"modules\hashlib4pascal\HashLib\src\Hash128\HlpMurmurHash3_x86_128.pas","ASCII","13716"
"modules\hashlib4pascal\HashLib\src\Hash128\HlpSipHash128.pas","ASCII","1488"
"modules\hashlib4pascal\HashLib\src\Hash32\HlpAP.pas","ASCII","1701"
"modules\hashlib4pascal\HashLib\src\Hash32\HlpBernstein.pas","ASCII","1472"
"modules\hashlib4pascal\HashLib\src\Hash32\HlpBernstein1.pas","ASCII","1484"
"modules\hashlib4pascal\HashLib\src\Hash32\HlpBKDR.pas","ASCII","1462"
"modules\hashlib4pascal\HashLib\src\Hash32\HlpDEK.pas","ASCII","1197"
"modules\hashlib4pascal\HashLib\src\Hash32\HlpDJB.pas","ASCII","1423"
"modules\hashlib4pascal\HashLib\src\Hash32\HlpELF.pas","ASCII","1569"
"modules\hashlib4pascal\HashLib\src\Hash32\HlpFNV.pas","ASCII","1417"
"modules\hashlib4pascal\HashLib\src\Hash32\HlpFNV1a.pas","ASCII","1446"
"modules\hashlib4pascal\HashLib\src\Hash32\HlpJenkins3.pas","ASCII","10449"
"modules\hashlib4pascal\HashLib\src\Hash32\HlpJS.pas","ASCII","1437"
"modules\hashlib4pascal\HashLib\src\Hash32\HlpMurmur2.pas","ASCII","3868"
"modules\hashlib4pascal\HashLib\src\Hash32\HlpMurmurHash3_x86_32.pas","ASCII","7272"
"modules\hashlib4pascal\HashLib\src\Hash32\HlpOneAtTime.pas","ASCII","1644"
"modules\hashlib4pascal\HashLib\src\Hash32\HlpPJW.pas","ASCII","1874"
"modules\hashlib4pascal\HashLib\src\Hash32\HlpRotating.pas","ASCII","1488"
"modules\hashlib4pascal\HashLib\src\Hash32\HlpRS.pas","ASCII","1496"
"modules\hashlib4pascal\HashLib\src\Hash32\HlpSDBM.pas","ASCII","1469"
"modules\hashlib4pascal\HashLib\src\Hash32\HlpShiftAndXor.pas","ASCII","1518"
"modules\hashlib4pascal\HashLib\src\Hash32\HlpSuperFast.pas","ASCII","2873"
"modules\hashlib4pascal\HashLib\src\Hash32\HlpXXHash32.pas","ASCII","7136"
"modules\hashlib4pascal\HashLib\src\Hash64\HlpFNV1a64.pas","ASCII","1570"
"modules\hashlib4pascal\HashLib\src\Hash64\HlpFNV64.pas","ASCII","1537"
"modules\hashlib4pascal\HashLib\src\Hash64\HlpMurmur2_64.pas","ASCII","5518"
"modules\hashlib4pascal\HashLib\src\Hash64\HlpSipHash.pas","ASCII","9995"
"modules\hashlib4pascal\HashLib\src\Hash64\HlpXXHash64.pas","ASCII","8373"
"modules\hashlib4pascal\HashLib\src\Include\HashLib.inc","ASCII","3740"
"modules\hashlib4pascal\HashLib\src\Include\HashLibHelper.inc","ASCII","1126"
"modules\hashlib4pascal\HashLib\src\Interfaces\HlpICRC.pas","ASCII","991"
"modules\hashlib4pascal\HashLib\src\Interfaces\HlpIHash.pas","ASCII","1815"
"modules\hashlib4pascal\HashLib\src\Interfaces\HlpIHashInfo.pas","ASCII","5143"
"modules\hashlib4pascal\HashLib\src\Interfaces\HlpIHashResult.pas","ASCII","654"
"modules\hashlib4pascal\HashLib\src\Interfaces\HlpIKDF.pas","ASCII","798"
"modules\hashlib4pascal\HashLib\src\Interfaces\IBlake2BParams\HlpIBlake2BParams.pas","ASCII","2137"
"modules\hashlib4pascal\HashLib\src\Interfaces\IBlake2SParams\HlpIBlake2SParams.pas","ASCII","2137"
"modules\hashlib4pascal\HashLib\src\KDF\HlpArgon2TypeAndVersion.pas","ASCII","288"
"modules\hashlib4pascal\HashLib\src\KDF\HlpPBKDF_Argon2NotBuildInAdapter.pas","ASCII","44034"
"modules\hashlib4pascal\HashLib\src\KDF\HlpPBKDF_ScryptNotBuildInAdapter.pas","ASCII","16230"
"modules\hashlib4pascal\HashLib\src\KDF\HlpPBKDF2_HMACNotBuildInAdapter.pas","ASCII","6013"
"modules\hashlib4pascal\HashLib\src\Nullable\HlpNullable.pas","ASCII","5567"
"modules\hashlib4pascal\HashLib\src\NullDigest\HlpNullDigest.pas","ASCII","2234"
"modules\hashlib4pascal\HashLib\src\Packages\Delphi\HashLib4PascalPackage.dpk","ASCII","5993"
"modules\hashlib4pascal\HashLib\src\Packages\FPC\HashLib4PascalPackage.lpk","ASCII","15457"
"modules\hashlib4pascal\HashLib\src\Packages\FPC\HashLib4PascalPackage.pas","ASCII","1745"
"modules\hashlib4pascal\HashLib\src\Utils\HlpArrayUtils.pas","ASCII","6516"
"modules\hashlib4pascal\HashLib\src\Utils\HlpBitConverter.pas","ASCII","15095"
"modules\hashlib4pascal\HashLib\src\Utils\HlpBits.pas","ASCII","8105"
"modules\hashlib4pascal\HashLib\src\Utils\HlpConverters.pas","ASCII","16591"
"modules\hashlib4pascal\HashLib\src\Utils\HlpHashLibTypes.pas","ASCII","3393"
"modules\hashlib4pascal\LICENSE","ASCII","1093"
"modules\hashlib4pascal\README.md","ASCII","3685"
"modules\horse\.github\FUNDING.yml","ASCII","47"
"modules\horse\.github\workflows\tests.yml","ASCII","298"
"modules\horse\.gitignore","ASCII","413"
"modules\horse\boss.json","ASCII","136"
"modules\horse\boss-lock.json","ASCII","121"
"modules\horse\img\horse.png","Binary / unsupported","158791"
"modules\horse\LICENSE","ASCII","1065"
"modules\horse\README.md","ASCII","8002"
"modules\horse\samples\delphi\apache\Apache.dpr","ASCII","1174"
"modules\horse\samples\delphi\apache\Apache.dproj","ASCII","67437"
"modules\horse\samples\delphi\cgi\CGI.dpr","ASCII","260"
"modules\horse\samples\delphi\cgi\CGI.dproj","ASCII","70087"
"modules\horse\samples\delphi\daemon\Daemon.dpr","ASCII","283"
"modules\horse\samples\delphi\daemon\Daemon.dproj","ASCII","67412"
"modules\horse\samples\delphi\isapi\ISAPI.dpr","ASCII","245"
"modules\horse\samples\delphi\isapi\ISAPI.dproj","ASCII","66614"
"modules\horse\samples\delphi\Samples.groupproj","ASCII","4280"
"modules\horse\samples\delphi\vcl-ssl\src\Main.Form.dfm","ASCII","1928"
"modules\horse\samples\delphi\vcl-ssl\src\Main.Form.pas","ASCII","2705"
"modules\horse\samples\delphi\vcl-ssl\VCL_SSL.dpr","ASCII","276"
"modules\horse\samples\delphi\vcl-ssl\VCL_SSL.dproj","ASCII","51435"
"modules\horse\samples\delphi\winsvc\src\Main.Service.dfm","ASCII","194"
"modules\horse\samples\delphi\winsvc\src\Main.Service.pas","ASCII","1189"
"modules\horse\samples\delphi\winsvc\WinSvc.dpr","ASCII","965"
"modules\horse\samples\delphi\winsvc\WinSvc.dproj","ASCII","62699"
"modules\horse\samples\lazarus\apache\Apache.lpi","ASCII","1848"
"modules\horse\samples\lazarus\apache\Apache.pas","ASCII","684"
"modules\horse\samples\lazarus\cgi\CGI.lpi","ASCII","1734"
"modules\horse\samples\lazarus\cgi\CGI.lpr","ASCII","251"
"modules\horse\samples\lazarus\daemon\daemon.lpi","ASCII","4055"
"modules\horse\samples\lazarus\daemon\daemon.lpr","ASCII","860"
"modules\horse\samples\lazarus\fastcgi\FCGI.lpi","ASCII","1766"
"modules\horse\samples\lazarus\fastcgi\FCGI.lpr","ASCII","283"
"modules\horse\samples\lazarus\lcl\Samples.lpi","ASCII","2114"
"modules\horse\samples\lazarus\lcl\Samples.lpr","ASCII","344"
"modules\horse\samples\lazarus\lcl\src\views.main.lfm","ASCII","813"
"modules\horse\samples\lazarus\lcl\src\views.main.pas","ASCII","1225"
"modules\horse\samples\lazarus\winsvc\daemonmain.lfm","ASCII","231"
"modules\horse\samples\lazarus\winsvc\daemonmain.pas","ASCII","1038"
"modules\horse\samples\lazarus\winsvc\daemonmanager.lfm","ASCII","577"
"modules\horse\samples\lazarus\winsvc\daemonmanager.pas","ASCII","330"
"modules\horse\samples\lazarus\winsvc\WinSvc.lpi","ASCII","2261"
"modules\horse\samples\lazarus\winsvc\WinSvc.lpr","ASCII","196"
"modules\horse\src\Horse.Callback.pas","ASCII","1661"
"modules\horse\src\Horse.Commons.pas","ASCII","7204"
"modules\horse\src\Horse.Constants.pas","ASCII","239"
"modules\horse\src\Horse.Core.Files.pas","ASCII","1623"
"modules\horse\src\Horse.Core.Group.Contract.pas","ASCII","4288"
"modules\horse\src\Horse.Core.Group.pas","ASCII","12500"
"modules\horse\src\Horse.Core.Param.Config.pas","ASCII","3844"
"modules\horse\src\Horse.Core.Param.Field.Brackets.pas","ASCII","2599"
"modules\horse\src\Horse.Core.Param.Field.pas","ASCII","12175"
"modules\horse\src\Horse.Core.Param.Header.pas","ASCII","5495"
"modules\horse\src\Horse.Core.Param.pas","ASCII","5427"
"modules\horse\src\Horse.Core.pas","ASCII","18309"
"modules\horse\src\Horse.Core.Route.Contract.pas","ASCII","3166"
"modules\horse\src\Horse.Core.Route.pas","ASCII","9233"
"modules\horse\src\Horse.Core.RouterTree.NextCaller.pas","ASCII","5278"
"modules\horse\src\Horse.Core.RouterTree.pas","ASCII","9986"
"modules\horse\src\Horse.EnvironmentVariables.pas","ASCII","1439"
"modules\horse\src\Horse.Exception.Interrupted.pas","ASCII","569"
"modules\horse\src\Horse.Exception.pas","ASCII","4615"
"modules\horse\src\Horse.Mime.pas","ASCII","65694"
"modules\horse\src\Horse.pas","ASCII","3082"
"modules\horse\src\Horse.Proc.pas","ASCII","390"
"modules\horse\src\Horse.Provider.Abstract.pas","ASCII","1677"
"modules\horse\src\Horse.Provider.Apache.pas","ASCII","2611"
"modules\horse\src\Horse.Provider.CGI.pas","ASCII","912"
"modules\horse\src\Horse.Provider.Console.pas","ASCII","10688"
"modules\horse\src\Horse.Provider.Daemon.pas","ASCII","11808"
"modules\horse\src\Horse.Provider.FPC.Apache.pas","ASCII","3476"
"modules\horse\src\Horse.Provider.FPC.CGI.pas","ASCII","2026"
"modules\horse\src\Horse.Provider.FPC.Daemon.pas","ASCII","7786"
"modules\horse\src\Horse.Provider.FPC.FastCGI.pas","ASCII","3971"
"modules\horse\src\Horse.Provider.FPC.HTTPApplication.pas","ASCII","4634"
"modules\horse\src\Horse.Provider.FPC.LCL.pas","ASCII","7969"
"modules\horse\src\Horse.Provider.IOHandleSSL.Contract.pas","ASCII","1429"
"modules\horse\src\Horse.Provider.IOHandleSSL.pas","ASCII","4279"
"modules\horse\src\Horse.Provider.ISAPI.pas","ASCII","1077"
"modules\horse\src\Horse.Provider.VCL.pas","ASCII","10151"
"modules\horse\src\Horse.Request.pas","ASCII","8783"
"modules\horse\src\Horse.Response.pas","ASCII","7794"
"modules\horse\src\Horse.Rtti.Helper.pas","ASCII","640"
"modules\horse\src\Horse.Rtti.pas","ASCII","1305"
"modules\horse\src\Horse.Session.pas","ASCII","2229"
"modules\horse\src\Horse.WebModule.dfm","ASCII","207"
"modules\horse\src\Horse.WebModule.lfm","ASCII","184"
"modules\horse\src\Horse.WebModule.pas","ASCII","2700"
"modules\horse\src\ThirdParty.Posix.Syslog.pas","ASCII","2465"
"modules\horse\src\Web.WebConst.pas","ASCII","2812"
"modules\horse\tests\code-coverage\dcov_execute_console.bat","ASCII","143"
"modules\horse\tests\code-coverage\dcov_execute_vcl.bat","ASCII","131"
"modules\horse\tests\code-coverage\dcov_paths.lst","ASCII","10"
"modules\horse\tests\code-coverage\dcov_units.lst","ASCII","358"
"modules\horse\tests\src\boss.json","ASCII","238"
"modules\horse\tests\src\boss-lock.json","ASCII","945"
"modules\horse\tests\src\Console.dpr","ASCII","3857"
"modules\horse\tests\src\Console.dproj","ASCII","60930"
"modules\horse\tests\src\controllers\Controllers.Api.pas","ASCII","2947"
"modules\horse\tests\src\DUnitX.groupproj","ASCII","1658"
"modules\horse\tests\src\tests\Tests.Api.Console.pas","ASCII","6071"
"modules\horse\tests\src\tests\Tests.Api.Vcl.pas","ASCII","5931"
"modules\horse\tests\src\tests\Tests.Commons.pas","ASCII","1519"
"modules\horse\tests\src\tests\Tests.Horse.Core.Files.pas","ASCII","1458"
"modules\horse\tests\src\tests\Tests.Horse.Core.Param.pas","ASCII","20113"
"modules\horse\tests\src\VCL.dpr","ASCII","3845"
"modules\horse\tests\src\VCL.dproj","ASCII","60511"
"modules\horse-jhonson\.git\config","ASCII","337"
"modules\horse-jhonson\.git\description","ASCII","73"
"modules\horse-jhonson\.git\HEAD","ASCII","23"
"modules\horse-jhonson\.git\hooks\applypatch-msg.sample","ASCII","478"
"modules\horse-jhonson\.git\hooks\commit-msg.sample","ASCII","896"
"modules\horse-jhonson\.git\hooks\fsmonitor-watchman.sample","ASCII","4726"
"modules\horse-jhonson\.git\hooks\post-update.sample","ASCII","189"
"modules\horse-jhonson\.git\hooks\pre-applypatch.sample","ASCII","424"
"modules\horse-jhonson\.git\hooks\pre-commit.sample","ASCII","1649"
"modules\horse-jhonson\.git\hooks\pre-merge-commit.sample","ASCII","416"
"modules\horse-jhonson\.git\hooks\prepare-commit-msg.sample","ASCII","1492"
"modules\horse-jhonson\.git\hooks\pre-push.sample","ASCII","1374"
"modules\horse-jhonson\.git\hooks\pre-rebase.sample","ASCII","4898"
"modules\horse-jhonson\.git\hooks\pre-receive.sample","ASCII","544"
"modules\horse-jhonson\.git\hooks\push-to-checkout.sample","ASCII","2783"
"modules\horse-jhonson\.git\hooks\sendemail-validate.sample","ASCII","2308"
"modules\horse-jhonson\.git\hooks\update.sample","ASCII","3650"
"modules\horse-jhonson\.git\index","Binary / unsupported","1197"
"modules\horse-jhonson\.git\info\exclude","ASCII","240"
"modules\horse-jhonson\.git\logs\HEAD","ASCII","209"
"modules\horse-jhonson\.git\logs\refs\heads\master","ASCII","209"
"modules\horse-jhonson\.git\logs\refs\remotes\origin\HEAD","ASCII","209"
"modules\horse-jhonson\.git\objects\pack\pack-91e73e7339174b251b16ce5ce6e3f37678b42996.idx","Binary / unsupported","8212"
"modules\horse-jhonson\.git\objects\pack\pack-91e73e7339174b251b16ce5ce6e3f37678b42996.pack","Binary / unsupported","61281"
"modules\horse-jhonson\.git\objects\pack\pack-91e73e7339174b251b16ce5ce6e3f37678b42996.rev","Binary / unsupported","1072"
"modules\horse-jhonson\.git\packed-refs","ASCII","1383"
"modules\horse-jhonson\.git\refs\heads\master","ASCII","41"
"modules\horse-jhonson\.git\refs\remotes\origin\HEAD","ASCII","32"
"modules\horse-jhonson\.git\tortoisegit.data","Binary / unsupported","414"
"modules\horse-jhonson\.git\tortoisegit.index","Binary / unsupported","124"
"modules\horse-jhonson\.gitignore","ASCII","344"
"modules\horse-jhonson\boss.json","ASCII","190"
"modules\horse-jhonson\boss-lock.json","ASCII","323"
"modules\horse-jhonson\jhonson.dpk","ASCII","671"
"modules\horse-jhonson\jhonson.dproj","ASCII","51575"
"modules\horse-jhonson\LICENSE","ASCII","1086"
"modules\horse-jhonson\README.md","ASCII","2653"
"modules\horse-jhonson\samples\delphi\Samples.dpr","ASCII","376"
"modules\horse-jhonson\samples\delphi\Samples.dproj","ASCII","65906"
"modules\horse-jhonson\samples\lazarus\samples.lpi","ASCII","1694"
"modules\horse-jhonson\samples\lazarus\samples.lpr","ASCII","433"
"modules\horse-jhonson\src\Horse.Jhonson.pas","ASCII","3136"
"README.md","ASCII","12605"
"reports/ascii-conversion-preview.csv","ASCII","57954"
"reports\encoding-report.csv","ASCII","66710"
"Samples\SimpleServer\SimpleServer.dpr","ASCII","508"
"Security\Bridge.ResponseProtection.Entity.pas","ASCII","4210"
"Tests\ManualValidation\ManualValidation.dpr","ASCII","8923"
"Tests\ManualValidation\ManualValidation.dproj","ASCII","58437"
"Tests\ManualValidation\ManualValidation.identcache","Binary / unsupported","5417"
"Tests\ManualValidation\ManualValidation.res","Binary / unsupported","152412"
"Tests\ManualValidation\SQLite3.dll","Binary / unsupported","944952"
"Tests\ManualValidation\Tests.Async.pas","ASCII","11389"
"Tests\ManualValidation\Tests.Audit.pas","ASCII","9877"
"Tests\ManualValidation\Tests.CursorPagination.pas","ASCII","3193"
"Tests\ManualValidation\Tests.CursorTieBreaking.pas","ASCII","4809"
"Tests\ManualValidation\Tests.DebugCursor.pas","ASCII","1962"
"Tests\ManualValidation\Tests.Features.pas","ASCII","6822"
"Tests\ManualValidation\Tests.Infrastructure.pas","ASCII","4126"
"Tests\ManualValidation\Tests.JsonIgnore.pas","ASCII","6172"
"Tests\ManualValidation\Tests.Lazy.pas","ASCII","4217"
"Tests\ManualValidation\Tests.MasterDetail.Controller.pas","ASCII","1657"
"Tests\ManualValidation\Tests.MasterDetail.Entities.pas","ASCII","1437"
"Tests\ManualValidation\Tests.MasterDetail.Model.pas","ASCII","834"
"Tests\ManualValidation\Tests.MasterDetail.pas","ASCII","6057"
"Tests\ManualValidation\Tests.Patch.pas","ASCII","5378"
"Tests\ManualValidation\Tests.Performance.pas","ASCII","14787"
"Tests\ManualValidation\Tests.QueryBuilder.pas","ASCII","5350"
"Tests\ManualValidation\Tests.Read.pas","ASCII","6551"
"Tests\ManualValidation\Tests.ResponseProtection.pas","ASCII","8456"
"Tests\ManualValidation\Tests.Shared.pas","ASCII","3953"
"Tests\ManualValidation\Tests.Write.pas","ASCII","9688"
"Tests\UnitTests\BridgeFramework.Tests.dpr","ASCII","422"
"Tests\UnitTests\BridgeFramework.Tests.dproj","ASCII","49425"
"Tests\UnitTests\BridgeFramework.Tests.identcache","Binary / unsupported","173"
"Tests\UnitTests\BridgeFramework.Tests.res","Binary / unsupported","152412"
"Tests\UnitTests\BridgeFramework.TestSample.pas","ASCII","791"
"Tests\UnitTests\dunitx-results.xml","ASCII","1333"
"tools\Convert-TextFilesToAscii.ps1","ASCII","8132"
"WIKI_CONTENT.md","ASCII","3600"
